TIME;2000-01;2000-02;2000-03;2000-04;2000-05;2000-06;2000-07;2000-08;2000-09;2000-10;2000-11;2000-12;2001-01;2001-02;2001-03;2001-04;2001-05;2001-06;2001-07;2001-08;2001-09;2001-10;2001-11;2001-12;2002-01;2002-02;2002-03;2002-04;2002-05;2002-06;2002-07;2002-08;2002-09;2002-10;2002-11;2002-12;2003-01;2003-02;2003-03;2003-04;2003-05;2003-06;2003-07;2003-08;2003-09;2003-10;2003-11;2003-12;2004-01;2004-02;2004-03;2004-04;2004-05;2004-06;2004-07;2004-08;2004-09;2004-10;2004-11;2004-12;2005-01;2005-02;2005-03;2005-04;2005-05;2005-06;2005-07;2005-08;2005-09;2005-10;2005-11;2005-12;2006-01;2006-02;2006-03;2006-04;2006-05;2006-06;2006-07;2006-08;2006-09;2006-10;2006-11;2006-12;2007-01;2007-02;2007-03;2007-04;2007-05;2007-06;2007-07;2007-08;2007-09;2007-10;2007-11;2007-12;2008-01;2008-02;2008-03;2008-04;2008-05;2008-06;2008-07;2008-08;2008-09;2008-10;2008-11;2008-12;2009-01;2009-02;2009-03;2009-04;2009-05;2009-06;2009-07;2009-08;2009-09;2009-10;2009-11;2009-12;2010-01;2010-02;2010-03;2010-04;2010-05;2010-06;2010-07;2010-08;2010-09;2010-10;2010-11;2010-12;2011-01;2011-02;2011-03;2011-04;2011-05;2011-06;2011-07;2011-08;2011-09;2011-10;2011-11;2011-12;2012-01;2012-02;2012-03;2012-04;2012-05;2012-06;2012-07;2012-08;2012-09;2012-10;2012-11;2012-12;2013-01;2013-02;2013-03;2013-04;2013-05;2013-06;2013-07;2013-08;2013-09;2013-10;2013-11;2013-12;2014-01;2014-02;2014-03;2014-04;2014-05;2014-06;2014-07;2014-08;2014-09;2014-10;2014-11;2014-12;2015-01;2015-02;2015-03;2015-04;2015-05;2015-06;2015-07;2015-08;2015-09;2015-10;2015-11;2015-12;2016-01;2016-02;2016-03;2016-04;2016-05;2016-06;2016-07;2016-08;2016-09;2016-10;2016-11;2016-12;2017-01;2017-02;2017-03;2017-04;2017-05;2017-06;2017-07;2017-08;2017-09;2017-10;2017-11;2017-12;2018-01;2018-02;2018-03;2018-04;2018-05;2018-06;2018-07;2018-08;2018-09;2018-10;2018-11;2018-12;2019-01;2019-02;2019-03;2019-04;2019-05;2019-06;2019-07;2019-08;2019-09;2019-10;2019-11;2019-12;2020-01;2020-02;2020-03;2020-04;2020-05;2020-06;2020-07;2020-08;2020-09;2020-10;2020-11;2020-12;2021-01;2021-02;2021-03;2021-04;2021-05;2021-06;2021-07;2021-08;2021-09;2021-10;2021-11;2021-12;2022-01;2022-02;2022-03;2022-04;2022-05
GEO (Labels);;;;;;;;;;;;;;;;;;;;;;;;;;;;;;;;;;;;;;;;;;;;;;;;;;;;;;;;;;;;;;;;;;;;;;;;;;;;;;;;;;;;;;;;;;;;;;;;;;;;;;;;;;;;;;;;;;;;;;;;;;;;;;;;;;;;;;;;;;;;;;;;;;;;;;;;;;;;;;;;;;;;;;;;;;;;;;;;;;;;;;;;;;;;;;;;;;;;;;;;;;;;;;;;;;;;;;;;;;;;;;;;;;;;;;;;;;;;;;;;;;;;;;;;;;;;;;;;;;;;;;;;;;;;;
European Union (EU6-1958, EU9-1973, EU10-1981, EU12-1986, EU15-1995, EU25-2004, EU27-2007, EU28-2013, EU27-2020);73,75;73,98;74,24;74,34;74,46;74,68;74,66;74,71;75,09;75,12;75,28;75,5;75,12;75,34;75,72;76,18;76,58;76,69;76,44;76,44;76,67;76,69;76,62;76,93;76,96;77,08;77,5;77,85;77,99;77,96;77,85;77,93;78,14;78,32;78,27;78,62;78,5;78,82;79,25;79,38;79,34;79,39;79,28;79,42;79,71;79,82;79,84;80,08;79,84;80,03;80,47;80,85;81,16;81,2;81,03;81,17;81,27;81,58;81,56;81,85;81,42;81,69;82,21;82,55;82,75;82,83;82,77;82,95;83,33;83,53;83,38;83,62;83,28;83,52;83,92;84,47;84,76;84,85;84,76;84,91;84,95;85,02;85,08;85,4;85,03;85,31;85,83;86,31;86,54;86,65;86,42;86,53;86,85;87,3;87,75;88,11;87,92;88,3;89,04;89,41;89,97;90,34;90,26;90,23;90,48;90,51;90,17;90,01;89,46;89,93;90,25;90,55;90,72;90,9;90,48;90,74;90,77;90,95;91,1;91,39;90,94;91,24;92,07;92,47;92,6;92,64;92,38;92,56;92,81;93,09;93,23;93,83;93,44;93,88;94,9;95,48;95,56;95,51;95,1;95,3;95,9;96,2;96,35;96,68;96,14;96,64;97,63;98,09;98;97,89;97,52;97,87;98,48;98,75;98,62;98,95;98,16;98,56;99,46;99,45;99,55;99,6;99,2;99,33;99,74;99,66;99,58;99,92;99,04;99,36;100,07;100,25;100,16;100,26;99,74;99,84;100,15;100,14;99,93;99,84;98,57;99,07;99,97;100,36;100,62;100,59;100,12;100,11;100,23;100,34;100,01;100,02;98,83;98,98;99,93;100,13;100,48;100,65;100,28;100,34;100,64;100,87;100,65;101,16;100,49;100,93;101,58;102,1;102,09;102,15;101,83;102,08;102,44;102,55;102,5;102,82;102,12;102,35;103,17;103,6;104,16;104,28;104,12;104,32;104,66;104,91;104,51;104,5;103,64;104,02;104,85;105,58;105,79;105,9;105,59;105,73;105,9;106,03;105,85;106,14;105,44;105,66;106,14;106,37;106,38;106,76;106,51;106,13;106,17;106,37;106,07;106,41;106,72;107;107,91;108,53;108,83;109,1;109,14;109,5;110,03;111;111,54;112,06;112,67;113,65;116,36;117,32;:
European Union - 27 countries (from 2020);71,8;72,1;72,42;72,59;72,76;73,06;73,24;73,34;73,76;73,91;74,13;74,44;74,31;74,59;75,01;75,52;75,94;76,08;75,93;75,91;76,17;76,3;76,32;76,68;76,86;77,02;77,44;77,81;77,94;77,89;77,8;77,84;78,05;78,26;78,24;78,6;78,64;78,96;79,41;79,54;79,5;79,58;79,47;79,56;79,88;80,03;80,11;80,36;80,3;80,5;80,98;81,39;81,69;81,75;81,62;81,74;81,86;82,2;82,15;82,43;82,02;82,32;82,87;83,25;83,43;83,52;83,46;83,63;84,06;84,3;84,15;84,39;84,1;84,35;84,79;85,35;85,61;85,67;85,58;85,67;85,7;85,76;85,82;86,12;85,8;86,07;86,61;87,15;87,38;87,48;87,31;87,38;87,75;88,21;88,71;89,06;88,94;89,27;90,08;90,4;90,96;91,3;91,22;91,08;91,28;91,35;90,97;90,85;90,32;90,73;91,08;91,41;91,51;91,69;91,19;91,42;91,44;91,63;91,76;92;91,51;91,79;92,68;93,06;93,18;93,2;92,93;93,06;93,35;93,63;93,74;94,28;93,81;94,2;95,37;95,88;95,94;95,89;95,41;95,55;96,14;96,49;96,63;96,95;96,39;96,88;98,01;98,45;98,36;98,3;97,84;98,17;98,82;99,05;98,87;99,17;98,34;98,69;99,69;99,64;99,72;99,81;99,36;99,44;99,85;99,75;99,65;99,98;99,05;99,34;100,13;100,28;100,18;100,27;99,72;99,78;100,13;100,09;99,9;99,79;98,46;99;100,01;100,42;100,7;100,66;100,14;100,08;100,24;100,35;99,97;99,97;98,71;98,85;99,89;100,12;100,49;100,66;100,24;100,25;100,56;100,82;100,53;101,04;100,35;100,75;101,43;101,97;101,9;101,97;101,61;101,81;102,17;102,29;102,17;102,49;101,75;101,94;102,88;103,32;103,9;104,03;103,86;103,97;104,35;104,62;104,11;104,08;103,22;103,57;104,5;105,26;105,44;105,57;105,22;105,31;105,49;105,67;105,42;105,76;105;105,22;105,7;105,93;105,94;106,31;106,06;105,69;105,73;105,92;105,63;105,97;106,27;106,55;107,46;108,08;108,38;108,65;108,68;109,04;109,57;110,54;111,07;111,59;112,2;113,18;115,87;116,83;:
European Union - 28 countries (2013-2020);71,83;72,12;72,41;72,6;72,76;73,04;73,15;73,23;73,67;73,79;74,01;74,27;74,06;74,32;74,72;75,21;75,66;75,79;75,58;75,61;75,86;75,95;75,95;76,27;76,4;76,54;76,94;77,3;77,44;77,4;77,29;77,35;77,57;77,77;77,75;78,09;78,05;78,37;78,79;78,93;78,9;78,95;78,85;78,97;79,27;79,42;79,48;79,73;79,62;79,81;80,23;80,62;80,92;80,96;80,82;80,95;81,06;81,38;81,37;81,67;81,26;81,54;82,05;82,41;82,61;82,69;82,65;82,84;83,21;83,43;83,3;83,54;83,24;83,49;83,88;84,42;84,72;84,81;84,72;84,86;84,9;84,97;85,06;85,39;85,02;85,29;85,81;86,3;86,53;86,64;86,41;86,52;86,84;87,28;87,74;88,1;87,92;88,29;89,03;89,4;89,97;90,34;90,27;90,24;90,48;90,51;90,17;90,01;89,47;89,93;90,25;90,56;90,72;90,91;90,49;90,75;90,77;90,96;91,11;91,39;90,95;91,24;92,07;92,47;92,6;92,64;92,38;92,56;92,81;93,08;93,23;93,82;93,44;93,87;94,9;95,48;95,56;95,5;95,09;95,29;95,89;96,19;96,34;96,67;96,12;96,62;97,62;98,08;98;97,89;97,52;97,87;98,47;98,74;98,61;98,94;98,16;98,56;99,46;99,45;99,55;99,6;99,2;99,33;99,74;99,66;99,58;99,92;99,04;99,36;100,07;100,25;100,16;100,26;99,74;99,84;100,15;100,14;99,93;99,84;98,57;99,07;99,97;100,36;100,62;100,59;100,12;100,11;100,23;100,34;100,01;100,02;98,83;98,98;99,93;100,13;100,48;100,65;100,28;100,34;100,64;100,87;100,65;101,16;100,49;100,93;101,58;102,1;102,09;102,15;101,83;102,08;102,44;102,55;102,5;102,82;102,12;102,35;103,17;103,6;104,16;104,28;104,12;104,32;104,66;104,91;104,51;104,5;103,64;104,02;104,85;105,58;105,79;105,9;105,59;105,73;105,9;106,03;105,85;106,14;105,44;:;:;:;:;:;:;:;:;:;:;:;:;:;:;:;:;:;:;:;:;:;:;:;:;:;:;:;:
Euro area (EA11-1999, EA12-2001, EA13-2007, EA15-2008, EA16-2009, EA17-2011, EA18-2014, EA19-2015);75,13;75,37;75,6;75,67;75,76;76,04;76,14;76,2;76,5;76,52;76,68;76,96;76,63;76,86;77,27;77,73;78,1;78,21;78,03;77,97;78,18;78,24;78,19;78,54;78,63;78,76;79,21;79,56;79,71;79,67;79,59;79,64;79,84;80,03;79,97;80,36;80,3;80,62;81,08;81,21;81,15;81,25;81,13;81,25;81,54;81,66;81,7;81,95;81,75;81,94;82,46;82,88;83,14;83,18;83;83,17;83,26;83,59;83,53;83,85;83,32;83,62;84,25;84,6;84,78;84,87;84,78;84,98;85,42;85,64;85,45;85,74;85,35;85,59;86,09;86,66;86,89;86,96;86,85;86,93;86,93;87;87,03;87,37;86,92;87,17;87,75;88,31;88,52;88,61;88,39;88,45;88,78;89,21;89,69;90,05;89,7;90,02;90,9;91,19;91,76;92,11;91,97;91,84;92,01;92,04;91,59;91,47;90,71;91,08;91,42;91,75;91,8;91,98;91,38;91,69;91,71;91,92;92,03;92,32;91,57;91,85;92,87;93,25;93,35;93,35;92,95;93,14;93,43;93,71;93,79;94,36;93,68;94,08;95,35;95,88;95,89;95,88;95,33;95,51;96,21;96,55;96,63;96,96;96,17;96,65;97,9;98,36;98,22;98,15;97,63;98,01;98,72;98,95;98,76;99,11;98,08;98,44;99,6;99,51;99,62;99,73;99,2;99,32;99,8;99,68;99,6;99,95;98,83;99,14;100,07;100,22;100,11;100,22;99,57;99,68;100,12;100,06;99,88;99,78;98,24;98,85;100;100,43;100,71;100,72;100,11;100,12;100,32;100,45;100,01;100,03;98,56;98,73;99,96;100,17;100,59;100,77;100,28;100,34;100,72;100,96;100,6;101,13;100,26;100,66;101,49;102,07;101,98;102,08;101,62;101,89;102,29;102,34;102,14;102,49;101,56;101,78;102,91;103,32;103,97;104,09;103,85;104,01;104,42;104,68;104,1;104,05;102,97;103,3;104,35;105,1;105,24;105,41;104,91;105,06;105,29;105,44;105,1;105,43;104,37;104,56;105,13;105,43;105,33;105,69;105,32;104,88;104,96;105,15;104,8;105,15;105,32;105,54;106,53;107,14;107,42;107,7;107,6;107,98;108,49;109,41;109,9;110,37;110,7;111,74;114,46;115,11;116,07
Euro area - 19 countries  (from 2015);74,86;75,1;75,37;75,45;75,54;75,8;75,87;75,93;76,26;76,3;76,46;76,75;76,43;76,66;77,07;77,54;77,9;78,02;77,84;77,78;77,99;78,06;78,01;78,36;78,45;78,58;79,02;79,38;79,52;79,49;79,41;79,46;79,66;79,85;79,79;80,17;80,14;80,46;80,93;81,05;81;81,1;80,98;81,1;81,39;81,51;81,54;81,79;81,61;81,8;82,32;82,74;83,01;83,05;82,88;83,04;83,14;83,46;83,4;83,72;83,2;83,5;84,12;84,47;84,66;84,75;84,66;84,86;85,3;85,52;85,33;85,62;85,24;85,48;85,98;86,55;86,79;86,85;86,75;86,83;86,83;86,9;86,94;87,27;86,83;87,08;87,66;88,22;88,43;88,52;88,31;88,37;88,71;89,15;89,63;89,98;89,67;89,98;90,87;91,17;91,74;92,09;91,95;91,82;92;92,03;91,59;91,47;90,73;91,1;91,44;91,76;91,8;91,99;91,38;91,69;91,71;91,92;92,02;92,31;91,56;91,85;92,86;93,24;93,35;93,35;92,95;93,13;93,42;93,71;93,79;94,36;93,69;94,08;95,35;95,89;95,9;95,89;95,34;95,52;96,22;96,55;96,64;96,96;96,18;96,66;97,91;98,36;98,23;98,15;97,64;98,02;98,73;98,96;98,76;99,11;98,09;98,45;99,61;99,52;99,63;99,73;99,2;99,32;99,8;99,68;99,6;99,95;98,84;99,14;100,07;100,22;100,11;100,22;99,57;99,68;100,12;100,06;99,88;99,78;98,24;98,85;100;100,43;100,71;100,72;100,11;100,12;100,32;100,45;100,01;100,03;98,56;98,73;99,96;100,17;100,59;100,77;100,28;100,34;100,72;100,96;100,6;101,13;100,26;100,66;101,49;102,07;101,98;102,08;101,62;101,89;102,29;102,34;102,14;102,49;101,56;101,78;102,91;103,32;103,97;104,09;103,85;104,01;104,42;104,68;104,1;104,05;102,97;103,3;104,35;105,1;105,24;105,41;104,91;105,06;105,29;105,44;105,1;105,43;104,37;104,56;105,13;105,43;105,33;105,69;105,32;104,88;104,96;105,15;104,8;105,15;105,32;105,54;106,53;107,14;107,42;107,7;107,6;107,98;108,49;109,41;109,9;110,37;110,7;111,74;114,46;115,11;:
Euro area - 18 countries (2014);74,89;75,13;75,4;75,48;75,57;75,83;75,9;75,97;76,3;76,34;76,49;76,78;76,46;76,69;77,1;77,57;77,94;78,05;77,87;77,81;78,03;78,09;78,04;78,39;78,49;78,61;79,06;79,42;79,56;79,53;79,45;79,5;79,7;79,89;79,83;80,22;80,18;80,5;80,97;81,09;81,04;81,14;81,02;81,15;81,44;81,56;81,59;81,84;81,66;81,85;82,37;82,79;83,06;83,1;82,92;83,09;83,19;83,51;83,45;83,77;83,25;83,55;84,17;84,52;84,7;84,8;84,7;84,9;85,35;85,57;85,38;85,67;85,29;85,53;86,02;86,6;86,84;86,9;86,79;86,87;86,88;86,94;86,98;87,31;86,87;87,12;87,7;88,26;88,47;88,56;88,35;88,4;88,74;89,18;89,66;90,01;89,69;90,01;90,89;91,18;91,75;92,1;91,97;91,83;92,01;92,04;91,6;91,48;90,72;91,09;91,43;91,76;91,8;91,99;91,38;91,69;91,71;91,92;92,03;92,32;91,56;91,85;92,87;93,25;93,35;93,35;92,96;93,14;93,43;93,71;93,8;94,36;93,69;94,08;95,35;95,89;95,89;95,89;95,34;95,52;96,21;96,55;96,64;96,96;96,17;96,65;97,9;98,36;98,22;98,15;97,63;98,01;98,72;98,96;98,76;99,11;98,08;98,44;99,6;99,51;99,62;99,73;99,2;99,32;99,8;99,68;99,6;99,95;98,83;99,14;100,07;100,22;100,11;100,22;99,56;99,68;100,12;100,06;99,88;99,78;98,24;98,85;100;100,43;100,71;100,72;100,11;100,12;100,33;100,45;100,01;100,03;98,55;98,72;99,96;100,17;100,59;100,77;100,28;100,34;100,72;100,96;100,59;101,13;100,25;100,65;101,48;102,06;101,97;102,07;101,61;101,87;102,28;102,33;102,12;102,47;101,54;101,76;102,89;103,31;103,96;104,07;103,84;104;104,41;104,66;104,08;104,04;102,95;103,27;104,33;105,08;105,22;105,39;104,89;105,04;105,27;105,41;105,08;105,41;104,34;104,53;105,11;105,41;105,31;105,67;105,3;104,85;104,93;105,13;104,77;105,12;105,3;105,52;106,5;107,11;107,39;107,67;107,57;107,94;108,44;109,36;109,85;110,31;110,63;111,66;114,38;115,02;:
Belgium;72,66;74,14;74,49;74,63;74,84;75,12;74,35;75,47;76,04;75,9;76,04;75,83;74,64;75,98;76,12;76,8;77,2;77,34;76,37;77,38;77,49;77,4;77,4;77,29;76,61;77,86;78,04;78,09;78,2;77,99;77,25;78,33;78,41;78,34;78,23;78,32;77,51;79,16;79,38;79,24;78,93;79,18;78,32;79,64;79,75;79,51;79,64;79,6;78,59;80,05;80,11;80,57;80,82;80,75;79,92;81,27;81,19;81,58;81,45;81,2;80,14;81,86;82,39;82,55;82,65;82,93;82,1;83,59;83,56;83,44;83,4;83,44;82,33;84,22;84,16;84,63;84,93;85;84,09;85,54;85,13;84,88;85,06;85,17;83,73;85,71;85,71;86,14;86,04;86,1;85,19;86,52;86,36;86,76;87,5;87,82;86,68;88,82;89,47;89,65;90,43;91,06;90,21;91,16;91,07;90,92;90,32;90,19;88,5;90,54;90,04;90,31;90,21;90,1;88,65;90,51;90,14;90,12;90,3;90,49;89,2;91,28;91,75;92,16;92,48;92,5;90,81;92,67;92,78;92,91;93,02;93,55;92,31;94,48;94,8;95,05;95,2;95,52;94,46;95,86;95,77;95,9;96,28;96,53;95,34;97,65;97,75;97,8;97,71;97,59;96,33;98,35;98,27;98,45;98,37;98,54;96,74;99,14;99,14;98,98;98,9;99,19;97,91;99,43;99,26;99,15;99,25;99,69;97,82;99,97;99,94;99,74;99,59;99,74;98,43;99,83;99,46;99,47;99,31;99,3;97,2;99,56;99,82;100,11;100,43;100,6;99,27;100,58;100,36;100,62;100,7;100,74;98,99;100,67;101,46;101,65;102,04;102,4;101,3;102,59;102,15;102,56;102,46;102,96;102,03;104;103,99;104,35;104,02;103,95;103,13;104,64;104,15;104,44;104,61;105,08;103,82;105,53;105,56;106,01;106,38;106,68;105,93;107,41;107,1;107,8;107,63;107,39;105,69;107,62;107,86;108,11;108,16;108,09;107,21;108,34;107,7;108,01;108,02;108,38;107,17;108,74;108,32;108,1;107,92;108,33;109,05;107,38;108,21;108,47;108,27;108,76;107,82;109,08;110,07;110,32;110,62;111,11;110,58;112,41;112,35;114,33;115,95;115,93;116,99;119,49;120,28;120,61;121,55
Bulgaria;52,49;53,07;52,9;52,36;52,43;52,56;52,88;54,45;55,68;56,35;56,78;57,03;57,38;57,57;57,6;57,5;57,53;57,48;57,37;57,55;58,28;59,28;59,41;59,78;61,39;62,39;62,87;62,8;61,5;60,46;60,53;60,13;60,6;61,2;61,3;62,06;62,46;62,54;62,78;62,96;62,57;61,22;61,76;62,22;62,81;63,25;64,41;65,56;66,46;66,69;66,64;66,83;66,85;65,67;66,46;66,17;66,79;66,9;67,32;68,16;68,6;69,2;69,54;70,35;70,23;69,94;70,47;70,95;71,79;72,35;72,68;73,2;73,81;75,7;75,87;76,35;76,52;75,78;75,95;75,92;75,63;76,14;76,95;77,66;78,79;79,2;79,23;79,7;79,96;79,79;81,15;82,96;83,96;84,24;85,74;86,64;87,98;88,9;89,71;90,37;91,14;91,55;92,86;92,76;93,57;93,67;93,26;92,87;93,28;93,65;93,33;93,83;93,83;93,94;93,81;93,93;93,76;93,92;94,09;94,39;94,95;95,22;95,57;96,68;96,69;96,27;96,77;96,93;97,14;97,32;97,84;98,59;99,04;99,58;99,98;99,89;99,99;99,68;100,05;99,91;99,93;100,26;100,34;100,6;100,96;101,56;101,7;101,94;101,82;101,3;102,46;103,03;103,38;103,31;103,08;103,38;103,62;103,8;103,35;102,9;102,85;102,56;102,49;102,29;102,03;102,19;102,07;102,5;102,21;101,61;101,32;101,54;101,03;100,72;101,35;101,26;100,58;100,66;100,14;100,5;99,8;99,86;100,19;100,66;100,7;100,15;100,34;100,41;99,62;99,46;99,19;99,6;99,4;98,89;98,28;98,12;98,14;98,27;99,25;99,29;98,55;98,46;98,36;99,1;99,77;99,8;99,28;99,74;99,52;99,35;99,85;100,03;99,81;99,94;100,21;100,88;101,08;101,31;101,13;101,45;101,84;102,34;103,41;103,75;103,39;103,55;103,25;103,21;103,43;103,73;103,95;104,6;104,76;104,73;106,13;106,33;105,07;105,23;105,56;106,41;106,94;106,95;106,46;106,01;105,76;105,69;106,58;107,01;105,7;105,87;105,89;106,43;106,59;107,16;107,33;108,08;108,23;108,2;108,97;109,73;109,92;111,35;112,54;113,44;114,8;116,16;118,59;121,12;:
Czechia;73;73,1;73,1;73;73,2;73,7;74,3;74,4;74,2;74,4;74,5;74,6;76;76;76,1;76,4;76,9;77,6;78,3;78,2;77,6;77,6;77,4;77,5;78,6;78,6;78,6;78,6;78,5;78,3;78,5;78,4;77,9;77,7;77,6;77,6;78;78,2;78,1;78,3;78,3;78,3;78,3;78,2;77,9;78;78,2;78,4;79,6;79,7;79,8;79,9;80,3;80,5;80,7;80,7;80,1;80,5;80,4;80,3;80,8;80,8;80,8;81;81;81,5;81,8;81,8;81,7;82,4;82,1;81,9;82,8;82,8;82,7;82,9;83,3;83,4;83,7;83,9;83,5;83,1;82,9;83,1;83,9;84,1;84,4;85;85,3;85,6;85,9;86,1;85,9;86,4;87,2;87,6;90,5;90,6;90,4;90,8;91,1;91,3;91,7;91,5;91,3;91,4;90,8;90,5;91,8;91,8;92;91,9;92;92;91,6;91,5;91;90,9;90,9;91;92;92,1;92,3;92,7;92,9;92,8;93,1;92,9;92,7;92,4;92,6;93,1;93,8;93,9;94;94,2;94,7;94,7;94,9;94,8;94,7;94,9;95,3;95,7;97,4;97,6;97,9;97,9;98,1;98,3;98,1;98,1;98;98,3;98;98;99,3;99,3;99,4;99,6;99,3;99,8;99,5;99,3;99;99,1;99;99,5;99,6;99,6;99,7;99,7;99,8;99,8;100;100;99,8;99,9;99,6;99,5;99,5;99,6;99,8;100,2;100,5;100,7;100,5;100,2;100,1;100;99,6;99,4;100;100,1;100,1;100,7;100,5;100,6;101;100,8;100,6;100,8;101,2;101,5;102,3;102,7;102,7;102,8;103;103;103,4;103,2;103,1;103,6;103,7;103,7;104,4;104,3;104,3;104,6;105,1;105,5;105,7;105,7;105,3;105,7;105,4;105,4;106,5;106,8;107;107,1;107,8;108;108,4;108,5;108;108,5;108,6;108,8;110,5;110,8;110,8;110,6;111,1;111,7;112,3;112,3;111,6;111,7;111,6;111,4;112,9;113,1;113,3;114;114,1;114,5;115,3;115,8;116,1;117,1;117;117,4;122,8;124,4;126,8;129,1;:
Denmark;76,2;76,6;77,1;77,3;77,6;77,8;77,5;77,3;78;78,2;78,2;78,1;78;78,4;78,8;79,3;79,7;79,6;79,3;79,2;79,7;79,7;79,6;79,7;79,8;80,3;80,8;81,2;81,3;81,3;81;81,1;81,6;81,8;81,8;81,8;81,9;82,5;83,2;83,1;83;82,9;82,4;82,4;83;82,8;82,9;82,8;82,7;83,1;83,5;83,6;83,9;83,7;83,4;83,1;83,7;84,1;83,8;83,6;83,4;84;84,6;85;85;85,1;85;85;85,8;85,7;85,4;85,5;85,1;85,8;86,1;86,6;86,7;86,9;86,7;86,7;87;86,9;86,9;86,9;86,6;87,4;87,8;88;88,2;88;87,6;87,4;88;88,4;89,1;89;89,3;90,2;90,7;91;91,4;91,7;91,4;91,6;92;91,8;91,6;91,2;90,8;91,7;92,1;92;92,3;92,5;92;92,3;92,4;92,5;92,5;92,2;92,5;93,4;94;94,2;94,2;94;94;94,4;94,8;94,6;94,7;94,8;94,9;95,8;96,4;96,9;97;96,8;96,7;96,7;97;97,2;97,1;97,1;97,5;98,4;99;99;99;98,9;98,8;99,2;99,5;99,4;99,3;98,9;98,4;99,5;99,7;99,5;99,7;99,5;99,2;99,3;99,6;99,8;99,5;99,4;99,2;99,8;99,9;100;100;99,9;99,7;99,6;99,9;100;99,8;99,5;98,9;99,7;100,2;100,4;100,4;100,3;100,2;99,9;100,2;100,1;99,9;99,8;99,3;99,8;99,9;100,1;100,3;100,4;100,3;99,9;99,9;100,2;100;100,1;100;100,7;100,8;101,1;101;100,8;101,8;101,4;101,5;101,6;101,3;100,9;100,6;101,2;101,2;101,8;102;101,9;102,7;102,2;102;102,3;102;101,6;101,8;102,3;102,4;102,7;102,7;102,4;103,1;102,7;102,4;102,9;102,6;102,4;102,6;103;102,7;102,6;102,5;102,6;103,5;103,1;102,9;103,2;103;102,8;103;103,5;103,6;104,1;104,4;104,5;105,3;105;105,4;106,5;106,9;106,3;108;109;109,8;111,8;:
Germany (until 1990 former territory of the FRG);78,5;78,6;78,6;78,6;78,4;78,9;79,2;79;79,2;79,1;79,1;80;79,5;80;80;80,3;80,7;80,8;80,9;80,7;80,6;80,4;80,2;81,1;81,1;81,4;81,5;81,5;81,6;81,5;81,8;81,6;81,5;81,4;81,1;82;82;82,4;82,5;82,3;82,1;82,3;82,5;82,5;82,4;82,4;82,2;82,9;82,9;83,1;83,4;83,7;83,9;83,9;84,1;84,3;84;84,2;83,8;84,8;84,3;84,6;84,9;84,9;85,2;85,3;85,7;85,9;86,2;86,2;85,7;86,6;86,1;86,4;86,5;86,8;87;87,1;87,5;87,4;87;87,1;87;87,8;87,6;88;88,2;88,6;88,7;88,8;89,3;89,1;89,3;89,4;89,9;90,5;90,2;90,6;91,1;90,9;91,5;91,8;92,3;92;92;91,7;91,2;91,5;91,1;91,6;91,4;91,5;91,4;91,8;91,7;92;91,6;91,6;91,5;92,3;91,7;92;92,5;92,4;92,5;92,6;92,8;92,9;92,7;92,8;92,9;94;93,5;94,1;94,7;94,9;94,8;94,8;95,2;95,2;95,3;95,4;95,4;96,1;95,7;96,5;96,9;97;96,8;96,6;97;97,4;97,4;97,4;97,2;98,1;97,5;98,2;98,7;98,1;98,3;98,5;98,9;98,9;98,9;98,6;98,8;99,3;98,6;99,2;99,4;99,2;99;99,4;99,6;99,7;99,7;99,3;99,3;99,4;98,1;99;99,7;100,2;100,6;100,5;100,9;100,8;100,5;100,5;99,5;99,6;98,5;98,9;99,8;99,9;100,5;100,6;101,2;101,1;101,1;101,2;100,3;101,2;100,2;101;101,3;101,9;101,8;102,3;102,9;103;103;102,7;102;102,7;101,7;102,2;103;103,2;104,3;104,4;105,2;105,2;105,3;105,4;104,2;104,4;103,4;103,9;104,4;105,4;105,7;106;106,4;106,3;106,2;106,3;105,4;106;105,1;105,7;105,8;106,2;106,2;106,9;106,4;106,2;105,8;105,8;104,7;105,3;106,8;107,4;107,9;108,4;108,7;109,1;109,7;109,8;110,1;110,7;111;111,3;112,3;113,3;116,1;116,9;:
Estonia;57,09;57,11;57,51;57,58;57,67;57,84;58,38;58,46;58,65;59,2;59,55;59,65;60,31;60,52;60,77;61,19;61,57;61,7;61,84;61,86;62;62,04;62,04;62,16;62,89;63,23;63,44;63,96;64,12;64,07;63,86;63,54;63,65;63,97;63,91;63,84;64,47;64,66;64,8;64,7;64,56;64,36;64,42;64,45;64,62;64,75;64,69;64,6;64,91;65,03;65,25;65,68;66,96;67,18;67;66,96;67,08;67,31;67,57;67,7;67,61;68;68,41;68,71;68,89;69,34;69,58;69,77;70,39;70,34;70,29;70,18;70,73;71,1;71,17;71,67;72,06;72,4;72,72;73,24;73,07;72,99;73,55;73,76;74,27;74,38;75,17;75,71;76,32;76,74;77,47;77,74;78,56;79,37;80,37;80,94;82,63;82,95;83,62;84,48;84,99;85,54;86,16;86,38;87,04;87,36;87,17;87,04;86,51;86,15;85,75;85,24;85,26;85,1;85,82;85,74;85,59;85,52;85,31;85,41;85,65;85,87;86,93;87,37;87,62;87,97;88,18;88,15;88,84;89,33;89,61;90,04;90,02;90,62;91,36;92,09;92,45;92,31;92,82;93,08;93,6;93,52;93,59;93,72;94,25;94,64;95,62;96,04;96,24;96,38;96,67;96,98;97,4;97,47;97,16;97,13;97,77;98,42;99,24;99,33;99,72;100,29;100,49;100,43;99,93;99,61;99,16;99,12;99,3;99,53;99,94;100,13;100,36;100,64;100,47;100,25;100,14;100,08;99,17;99,18;98,78;99,3;99,95;100,53;100,89;100,94;100,61;100,41;99,82;100,05;99,71;99,01;98,85;99,65;100,41;100,49;100,88;101,37;101,38;101,52;101,56;101,09;101,06;101,34;101,61;103,08;103,46;104,06;104,41;104,55;105,36;105,8;105,56;105,16;105,56;105,15;105,28;106,37;106,44;107,04;107,61;108,65;108,87;109,55;109,26;109,86;108,97;108,64;108,18;108,38;108,83;110,5;110,93;111,47;111,1;111,87;111,7;111,45;110,95;110,59;109,94;110,56;109,89;109,52;108,91;109,67;109,69;110,38;110,22;109,51;109,63;109,62;110,22;111,16;110,87;111,3;112,38;113,76;115,07;115,86;117,25;116,96;119,02;122,81;122,39;124,02;127,31;132,59;134,94
Ireland;74,8;75,4;75,9;76,4;76,9;77,4;77,4;77,8;78;78,4;78,5;78,5;77,7;78,4;79;79,6;80,1;80,7;80,5;80,7;81;81,4;81,3;81,9;81,8;82,3;83;83,7;84,1;84,3;83,8;84,3;84,6;85;85;85,6;85,7;86,5;87,1;87,5;87,4;87,4;87,1;87,7;87,8;87,8;87,8;88,2;87,6;88,4;88,7;89;89,2;89,6;89,3;89,9;89,9;90;90,2;90,3;89,4;90,2;90,4;90,9;91,1;91,4;91,3;91,8;92,4;92,4;92,2;92;91,5;92,6;92,9;93,4;93,9;94;94;94,6;94,4;94,4;94,4;94,8;94,2;95,1;95,7;96,1;96,4;96,6;96,5;96,9;97,1;97,2;97,7;97,8;97,1;98,3;99,3;99,4;100;100,4;99,9;100;100,2;99,9;99,8;99,1;98,3;98,4;98,5;98,6;98,3;98,3;97,4;97,6;97,3;97;97;96,5;95,8;96;96,1;96,2;96,4;96,3;96,2;96,4;96,2;96,3;96,1;96,3;96,1;96,9;97,3;97,6;97,6;97,4;97,2;97,4;97,5;97,8;97,8;97,7;97,3;98,4;99,4;99,4;99,4;99,2;99,1;99,9;99,9;99,8;99,3;99,4;98,8;99,6;100;99,9;99,8;99,9;99,9;100;99,9;99,7;99,6;99,7;99,1;99,7;100,2;100,2;100,2;100,4;100,3;100,6;100,4;100,1;99,8;99,4;98,7;99,3;100;99,9;100,4;100,8;100,5;100,8;100,3;100;99,7;99,6;98,7;99,1;99,4;99,7;100,2;100,9;100,6;100,4;100;99,6;99,5;99,4;98,9;99,4;100;100,4;100,2;100,3;100,4;100,8;100,2;100,1;100;99,9;99,2;100,1;100,5;100,3;100,9;101;101,4;101,7;101,4;101,2;100,8;100,7;100;100,8;101,6;102;101,9;102,1;101,9;102,3;102;101,8;101,6;101,8;101,1;101,7;102,1;101,7;101,1;101,5;101,3;101,2;100,8;100,3;100,6;100,8;101;101,3;102,2;102,8;103;103,1;103,5;104,2;104,6;105,4;106;106,5;106,1;107,1;109,3;110,3;111,4
Greece;69,4;69,1;70,88;71,3;71,49;71,06;69,83;69,96;71,43;72,22;72,53;72,9;71,61;71,46;73,13;73,94;74,31;74,24;72,75;72,76;74,3;74,53;74,63;75,47;75,03;74,16;76,31;76,96;77,13;76,92;75,4;75,55;77,12;77,53;77,54;78,11;77,51;77,32;79,29;79,47;79,82;79,73;78,03;78,03;79,65;79,95;80,09;80,53;79,86;79,36;81,62;81,91;82,26;82,09;80,49;80,25;81,99;82,59;82,62;83,05;83,25;81,85;83,94;84,6;84,89;84,72;83,6;83,13;85,12;85,66;85,47;85,96;85,76;84,41;86,73;87,59;87,69;87,64;86,9;86;87,76;88,34;88,2;88,71;88,36;86,97;89,13;89,83;89,99;89,95;89,27;88,36;90,35;90,98;91,67;92,13;91,82;90,93;93,03;93,8;94,44;94,39;93,68;92,63;94,61;94,64;94,43;94,15;93,64;92,59;94,45;94,87;95,11;95,04;94,34;93,54;95,31;95,81;96,42;96,55;95,82;95,24;98,16;99,38;100,15;99,98;99,55;98,81;100,7;100,83;101,04;101,53;100,53;99,19;102,38;103,05;103,28;103,07;101,65;100,21;103,61;103,71;103,91;103,74;102,6;100,85;103,76;104,62;104,25;104,05;102,57;101,36;103,9;104,67;104,34;104,07;102,65;100,99;103,51;104;103,95;103,79;102,09;100,38;102,85;102,69;101,36;102,18;101,21;100,12;101,97;102,35;101,73;102,27;101,23;100,14;101,72;100,84;100,12;99,59;98,42;98,21;100,07;100,5;100,28;101,15;99,96;99,75;100,94;100,75;100,01;99,98;98,3;98,28;99,4;100,07;100,08;101,38;100,16;100,18;100,88;101,33;99,85;100,27;99,79;99,69;101,06;101,72;101,56;102,3;101,08;100,77;101,93;101,8;100,9;101,24;100;100,09;101,26;102,23;102,33;103,29;101,87;101,66;103,08;103,59;101,96;101,88;100,54;100,86;102,32;103,33;102,93;103,54;102,32;101,74;103,3;103,23;102,51;102,95;101,63;101,27;102,51;102,39;102,23;101,56;100,17;99,45;100,91;101,13;100,31;100,49;99,2;99,39;100,43;101,29;100,98;102,17;100,83;100,68;102,83;104;104,35;104,87;104,65;105,63;108,43;110,55;111,83
Spain;69,93;70,06;70,38;70,64;70,77;70,97;71,42;71,68;71,94;72,07;72,26;72,46;71,94;71,94;72,52;73,17;73,43;73,63;73,11;73,17;73,56;73,89;74,08;74,28;74,15;74,21;74,86;75,9;76,16;76,16;75,64;75,9;76,16;76,87;77;77,26;76,94;77,07;77,65;78,3;78,24;78,3;77,85;78,24;78,43;78,95;79,21;79,34;78,69;78,76;79,34;80,45;80,9;81,03;80,45;80,84;80,97;81,81;82;81,94;81,16;81,35;82,07;83,24;83,37;83,63;83,11;83,5;84,02;84,67;84,8;84,99;84,6;84,66;85,26;86,49;86,8;86,94;86,45;86,65;86,48;86,84;87,05;87,3;86,67;86,73;87,4;88,64;88,89;89,06;88,44;88,59;88,85;90;90,65;91,04;90,46;90,59;91,41;92,4;93,04;93,58;93,15;92,97;92,92;93,24;92,83;92,36;91,19;91,21;91,36;92,26;92,22;92,68;91,92;92,29;92,06;92,71;93,21;93,19;91,82;91,61;93,8;94,46;94,49;94,6;93,54;93,75;94,61;95,03;95,33;95,86;94,6;94,7;96,93;97,78;97,66;97,48;96,34;96,31;97,46;97,87;98,09;98,11;96,48;96,51;98,64;99,71;99,5;99,26;98,42;98,92;100,83;101,29;101,05;101,06;99,22;99,31;101,16;101,23;101,33;101,44;100,29;100,54;101,32;101,34;101,35;101,37;99,49;99,36;100,94;101,57;101,54;101,49;99,93;100,02;101,04;101,12;100,88;100,22;98,04;98,18;100,15;100,83;101,27;101,46;99,9;99,5;99,9;100,21;100,47;100,09;97,63;97,21;99,16;99,65;100,17;100,59;99,25;99,21;99,93;100,71;100,95;101,5;100,5;100,16;101,29;102,21;102,16;102,22;100,98;101,15;101,77;102,4;102,73;102,74;101,22;101,37;102,59;103,36;104,32;104,56;103,31;103,41;104,06;104,77;104,52;104;102,26;102,47;103,9;105,06;105,31;105,18;103,98;103,87;104,28;104,97;105,01;104,88;103,42;103,36;103,98;104,35;104,41;104,87;103,23;103,23;103,69;104,01;104,12;104,28;103,87;103,27;105,22;106,39;106,95;107,46;106,18;106,65;107,87;109,6;109,87;111,13;110,26;111,15;115,51;115,21;116,05
France;77,43;77,53;77,92;77,92;78,08;78,29;78,15;78,32;78,74;78,67;78,85;78,82;78,47;78,69;79,07;79,48;79,99;80,05;79,87;79,87;80,03;80,08;79,87;79,98;80,37;80,45;80,8;81,13;81,24;81,2;81,13;81,31;81,47;81,61;81,56;81,7;81,87;82,51;82,85;82,72;82,67;82,83;82,73;82,94;83,3;83,48;83,56;83,66;83,68;84,06;84,44;84,67;85,01;85,04;84,87;85,08;85,16;85,39;85,43;85,54;85,06;85,63;86,22;86,37;86,43;86,54;86,39;86,75;87,13;87,12;86,93;87,04;86,97;87,31;87,69;88,08;88,46;88,46;88,29;88,58;88,4;88,19;88,3;88,51;88,17;88,36;88,77;89,25;89,48;89,61;89,32;89,7;89,83;90,08;90,62;90,99;90,98;91,18;91,91;92,26;92,79;93,18;92,93;92,87;92,84;92,79;92,32;92,07;91,67;92,06;92,24;92,39;92,52;92,65;92,19;92,7;92,49;92,59;92,74;93,01;92,79;93,36;93,85;94,14;94,27;94,26;93,95;94,19;94,15;94,29;94,41;94,88;94,6;95,07;95,9;96,24;96,31;96,39;95,91;96,46;96,43;96,69;96,99;97,41;97,03;97,49;98,39;98,56;98,51;98,56;98,05;98,76;98,51;98,71;98,54;98,9;98,34;98,65;99,46;99,35;99,39;99,57;99,22;99,72;99,52;99,39;99,35;99,73;99,09;99,7;100,21;100,18;100,21;100,16;99,78;100,26;99,89;99,92;99,75;99,82;98,7;99,42;100,17;100,3;100,56;100,49;100;100,36;99,99;100,07;99,86;100,09;99,02;99,31;100,09;100,18;100,65;100,8;100,39;100,74;100,5;100,54;100,55;100,9;100,57;100,73;101,47;101,57;101,59;101,58;101,17;101,74;101,58;101,7;101,8;102,16;102,06;102,05;103,22;103,43;103,92;103,93;103,8;104,35;104,12;104,24;104;104,1;103,52;103,64;104,55;104,93;105,06;105,35;105,11;105,67;105,28;105,2;105,27;105,78;105,24;105,27;105,34;105,32;105,49;105,58;106,01;105,89;105,3;105,27;105,5;105,75;106,03;106,07;106,8;107,02;107,38;107,57;107,64;108,38;108,16;108,64;109,09;109,34;109,51;110,49;112,26;112,78;113,6
Croatia;67,45;67,78;68,15;68,53;68,65;69,37;69,84;69,8;70,22;70,45;70,68;70,94;71,07;71,47;71,23;72,38;72,84;72,73;72,21;72,76;72,86;72,6;72,51;72,64;73,44;73,44;73,57;73,87;74,19;74,19;74,16;74,1;74,49;74,57;74,55;74,71;75,11;75,27;75,62;75,35;75,81;75,89;76,37;76,43;76,08;76,11;76,25;76,32;76,84;76,81;77,11;77,37;78,04;78,01;77,83;77,81;77,31;77,54;77,65;77,81;77,91;78,57;79,13;79,67;79,79;80,09;80,23;80,24;80,21;80,57;80,67;80,91;81,23;81,79;82,04;82,57;83,07;83,37;82,74;82,77;82,38;82,31;82,6;82,62;82,81;83,03;83,65;84,25;84,7;84,51;84,16;84,61;85,19;85,5;86,3;87,09;87,58;87,54;88,14;88,81;89,88;90,68;90,9;90,61;90,51;90,38;90,16;89,56;90,4;90,9;91,16;91,92;92,1;92,43;92,02;91,98;91,32;91,44;91,78;91,21;91,61;91,74;92,2;92,65;92,9;93,01;92,84;92,7;92,56;92,69;92,87;92,79;93,26;93,72;94,53;94,81;95,19;94,87;94,62;94,61;94,54;95,02;95,16;94,77;94,6;95,19;96,47;97,28;98,52;98,29;97,88;98,52;99,04;99,37;99,06;98,94;98,99;99,4;99,78;100,29;100,29;100,45;100,49;100,84;100,68;100,13;99,72;99,39;99,4;99,25;99,7;100,21;100,66;100,91;101,04;101,12;100,88;100,64;99,99;99,29;98,77;98,88;99,72;100,11;100,68;100,97;100,81;101,02;100,38;100,13;99,55;98,99;98,6;98,32;98,82;99,23;99,49;99,77;99,72;99,55;99,7;99,84;99,72;99,69;99,51;99,7;99,92;100,6;100,45;100,86;100,95;101;101,32;101,43;101,29;100,95;100,75;100,62;101,09;102;102,27;103,06;103,2;103,16;102,96;103,12;102,6;101,96;101,32;101,41;102,2;102,86;103,3;103,59;104,12;103,73;103,54;103,79;103,39;103,25;103,12;102,65;102,68;102,71;102,58;103,14;103,48;103,27;103,18;103,6;103,36;102,96;103,08;103,32;104,34;104,9;105,01;105,4;106,3;106,51;106,8;107,65;108,18;108,31;108,76;109,8;111,93;114,94;:
Italy;73,2;73,5;73,7;73,7;74;74,2;74,4;74,4;74,6;74,8;75;75,1;75;74,6;75,3;75,9;76,1;76,3;76,1;75,9;76,1;76,5;76,7;76,8;76,7;76,5;77,2;77,8;78;78,1;78;77,8;78,3;78,7;78,9;79,1;78,9;78,5;79,5;80,1;80,2;80,3;80,2;80;80,6;80,9;81,1;81,1;80,6;80,4;81,3;82;82,1;82,2;82;81,9;82,3;82,6;82,7;83;82,2;82,1;83,1;83,7;84;84;83,8;83,7;84,1;84,7;84,7;84,7;84;83,9;84,9;85,7;85,9;86;85,8;85,6;86,2;86,3;86,4;86,5;85,6;85,7;86,6;87,2;87,5;87,7;87,2;87;87,7;88,3;88,6;88,9;88,3;88,3;89,7;90,2;90,8;91,2;90,7;90,7;91,1;91,5;91,1;91;89,5;89,7;90,7;91,3;91,5;91,7;90,6;90,8;91,4;91,8;91,9;92;90,7;90,6;92;92,9;92,9;93;92,2;92,3;92,9;93,6;93,6;93,9;92,5;92,6;94,6;95,6;95,7;95,8;94,1;94,4;96,3;97,1;97,1;97,4;95,6;95,8;98,2;99,1;99,1;99,3;97,5;97,6;99,6;99,8;99,6;99,9;97,9;97,7;100;100,3;100,3;100,5;98,7;98,7;100,5;100,5;100,2;100,5;98,5;98,1;100,3;100,8;100,7;100,8;98,7;98,6;100,4;100,7;100,5;100,5;98;98,2;100,3;100,7;100,9;101;99,1;98,9;100,6;101;100,6;100,6;98,4;98;100,1;100,3;100,6;100,8;98,9;98,8;100,7;100,9;100,7;101,1;99,4;99,6;101,5;102,3;102,2;102;100,1;100,2;102;102;101,8;102,1;100,6;100,1;102,4;102,9;103,2;103,4;102;101,8;103,5;103,7;103,4;103,3;101,5;101,2;103,5;104;104,1;104,2;102,3;102,3;103,7;103,9;103,6;103,8;101,9;101,4;103,6;104,1;103,8;103,8;103,1;101,8;102,7;103,3;103,3;103,5;102,6;102,4;104,2;105,1;105;105,2;104,1;104,3;105,7;106,6;107,3;107,8;107,8;108,7;111,3;111,7;112,7
Cyprus;73,63;72,53;74,25;74,98;75,31;74,91;74,75;74,47;75,51;75,99;76,27;76,3;74,79;74,59;75,38;76,23;76,57;77,23;75,41;75,81;77,17;78,06;77,63;77,91;76,44;76,32;76,9;78,01;78,3;78,84;78,28;78,93;79,81;80,16;80,01;80,31;79,85;79,98;81,79;82,4;82,18;81,76;80,33;80,8;82,43;83,13;83;82,13;81,14;81,12;81,82;82,47;83,2;83,73;82,67;83,07;83,91;84,8;85,15;85,29;83,38;83,06;83,78;84,74;84,89;84,98;83,74;84,29;85,7;86,69;86,85;86,5;85,07;84,99;85,99;86,87;87,04;87,22;86,09;86,61;87,65;88,12;88,03;87,8;86,3;86,04;87,19;88,29;88,73;88,7;88,1;88,56;89,7;90,49;90,84;91,08;89,81;90,12;91,06;92,13;92,85;93,32;92,81;93,05;94,17;94,87;93,69;92,74;90,64;90,62;91,85;92,68;93,35;93,43;92,08;92,25;93;93,88;94,58;94,19;92,86;93,13;94;95,02;95,07;95,4;94,59;95,43;96,38;96,93;96,21;96,02;95,68;96,05;97,05;98,38;99,01;99,74;97,89;98,05;98,84;100,01;100,11;100,01;98,63;99,05;100,47;101,95;102,69;102,58;101,58;102,46;102,39;102,6;101,55;101,46;100,62;100,86;101,78;102,02;102,84;103,43;102,28;102,54;102,67;102,08;100,75;100,19;99,04;99,59;100,88;101,61;102,74;103,48;103,19;103,34;102,69;102,36;100,73;99,23;98,31;98,83;99,51;99,85;100,97;101,32;100,7;101,37;100,73;100,48;99,25;98,67;97,25;96,65;97,37;97,74;99,03;99,31;100,3;100,74;100,32;99,46;98,48;98,73;97,92;97,99;98,83;99,78;99,92;100,19;100,24;101,22;100,45;99,84;98,66;98,32;96,47;97,58;98,43;99,51;100,87;101,92;101,67;102,91;102,11;101,78;100,25;99,31;98,53;98,36;99,49;100,74;101,03;102,26;101,81;103,49;101,65;101,27;100,73;100,03;99,22;99,37;99,59;99,52;99,62;99,97;99,73;100,5;99,7;99,87;99,67;99,24;98,41;98,5;99,89;100,7;101,15;102,17;102,4;103,86;103,31;104,24;104,37;104,04;103,33;104,22;106,13;109,38;110,1
Latvia;55,08;55,35;55,23;55,43;55,3;55,35;55,07;54,77;54,82;55,06;55,29;55,46;55,8;55,73;56,01;56,23;56,8;57,11;56,84;56,47;56,83;56,9;57;57,22;57,73;57,55;57,81;57,86;57,97;57,66;57,43;57;57,43;57,84;57,94;58,05;58,58;58,77;59,09;59,28;59,4;59,8;59,6;58,96;59,23;59,73;60,05;60,13;60,89;61,3;61,91;62,28;63,07;63,45;63,56;63,52;63,78;64,05;64,36;64,54;64,98;65,57;65,95;66,68;67,17;67,58;67,57;67,5;68,5;69;69,21;69,14;69,88;70,16;70,3;70,75;71,92;71,83;72,27;72,09;72,57;72,86;73,57;73,8;74,83;75,24;76,26;76,98;77,55;78,21;79,14;79,46;80,92;82,51;83,65;84,15;86,52;87,67;88,94;90,36;91,28;91,91;92,23;91,83;92,85;93,81;93,34;92,9;94,9;95,92;95,99;95,65;95,27;94,77;94,17;93,23;92,96;92,72;92,07;91,63;91,78;91,75;92,18;92,96;92,94;93,29;93,49;92,82;93,22;93,52;93,68;93,83;95,01;95,28;95,92;96,97;97,39;97,63;97,45;97,08;97,38;97,53;97,45;97,47;98,25;98,41;98,97;99,66;99,67;99,68;99,28;98,91;99,26;99,07;98,95;99,02;98,82;98,75;99,23;99,26;99,52;99,9;99,82;98,82;98,85;99,05;98,62;98,62;99,28;99,27;99,57;100,08;100,28;100,67;100,43;99,65;100,02;99,78;99,55;98,89;98,94;99,3;100,09;100,65;101,46;101,35;100,27;99,84;99,62;99,64;99,57;99,29;98,63;98,72;99,47;99,91;100,65;100,71;100,41;99,74;100,09;100,71;100,79;101,38;101,45;101,86;102,74;103,19;103,39;103,82;103;102,9;103,07;103,44;103,54;103,57;103,49;103,72;105,06;105,35;105,83;106,59;105,75;105,78;106,44;106,75;106,57;106,21;106,53;106,64;107,85;108,86;109,53;109,85;108,89;109,08;108,91;109,06;108,68;108,48;108,85;109,04;109,35;108,78;108,5;108,68;108,99;108,53;108,45;108,32;107,97;107,95;108,36;108,83;109,66;110,65;111,27;111,6;112,04;112,46;113,53;114,78;115,99;116,46;116,44;118,39;122,24;125,09;129,56
Lithuania;68,87;68,89;68,74;68,73;68,45;68,87;68,66;68,27;68,37;68,52;68,79;68,98;68,81;68,92;69,3;69,43;69,83;70,22;69,66;70,09;69,96;70,17;70,14;70,38;71;70,87;70,45;70,4;70,18;69,95;69,76;69,37;69,01;69,46;69,52;69,75;69,7;69,53;69,71;69,76;69,66;69,72;69,19;68,7;68,46;68,56;68,85;68,84;68,84;68,71;69,07;69,33;70,38;70,43;70,43;70,18;70,58;70,68;70,84;70,8;70,8;70,92;71,32;71,57;71,73;71,84;71,74;71,8;72,37;72,84;72,87;72,92;73,29;73,33;73,48;73,99;74,31;74,5;74,88;74,83;74,73;75,48;76,07;76,24;76,25;76,54;76,97;77,64;78,01;78,21;78,71;78,98;80,07;81,24;82,1;82,49;83,87;84,87;85,77;86,86;87,58;88,12;88,49;88,63;89,08;89,9;89,63;89,47;91,81;92,09;92,09;92,01;91,85;91,54;90,82;90,62;91,14;90,76;90,81;90,52;91,58;91,5;91,76;92,16;92,34;92,38;92,41;92,21;92,76;93,12;93,09;93,8;94,19;94,26;95,19;96,17;96,93;96,83;96,62;96,28;97,09;97,03;97,2;97,06;97,42;97,77;98,72;99,33;99,42;99,38;99,42;99,6;100,33;100,14;99,97;99,89;100,08;100,02;100,34;100,68;100,91;100,71;100,03;100,13;100,84;100,66;100,52;100,34;100,33;100,33;100,72;101;101;100,99;100,5;100,4;100,85;100,95;100,88;100,23;98,96;98,82;99,63;100,36;100,95;100,77;100,27;99,4;100,01;100,5;100,35;99,98;99,62;99,35;100,41;101,13;101,14;101,13;100,31;99,86;100,63;101,16;101,46;101,94;102,15;102,49;103,58;104,64;104,42;104,66;104,46;104,45;105,28;105,42;105,69;105,82;105,87;105,73;106,15;106,92;107,42;107,33;106,82;106,37;107,85;108,42;108,22;107,68;107,6;107,86;108,88;109,85;110,15;109,87;109,51;109,03;110,02;110,1;110,1;110,62;110,81;110,84;110,69;110,86;110,34;110,81;110,53;110,32;110,66;110,65;110,49;110,54;111,05;111,33;112,43;113,57;114,19;114,74;115,3;115,79;117,72;119,69;120,76;122,37;124,68;126,87;129,93;132,4;:
Luxembourg;68,46;69,18;69,51;69,97;69,97;70,96;70,23;70,69;71,22;71,48;71,68;71,81;70,43;71,24;71,6;71,89;72,63;72,88;71,94;72,47;72,57;72,65;72,7;72,47;71,96;72,8;72,85;73,28;73,55;73,77;73,32;73,93;74,19;74,5;74,61;74,49;74,29;75,13;75,53;75,41;75,27;75,26;74,72;75,64;76,13;75,79;76,13;76,28;76,02;76,98;77,05;77,43;77,87;78,21;77,55;78,38;78,5;78,87;79,15;78,94;78,15;79,51;79,72;80,37;80,74;80,7;80,62;81,72;82,16;82,82;81,97;81,67;81,35;82,57;82,71;83,11;83,62;83,84;83,33;84,26;83,8;83,34;83,43;83,5;83,22;84,09;84,66;85,15;85,52;85,73;85,04;85,83;85,89;86,35;86,77;87,09;86,71;87,58;88,37;88,78;89,66;90,31;89,97;89,97;90,05;89,68;88,51;87,71;86,71;88,24;88,13;88,55;88,82;89,42;88,63;89,8;89,66;89,51;90,01;89,91;89,33;90,27;90,92;91,31;91,57;91,5;91,16;92,04;92,04;92,14;92,27;92,71;92,38;93,8;94,59;94,93;95,04;94,98;94,11;95,41;95,55;95,63;95,92;95,87;95,36;96,87;97,33;97,75;97,59;97,43;96,63;98,11;98,62;98,68;98,51;98,25;97,41;99,24;99,29;99,41;98,96;99,38;98,35;99,77;100,15;99,7;99,61;99,76;98,83;100,01;100,05;100,28;100,37;100,56;99,57;100,47;100,45;100,14;99,76;98,82;97,69;99,68;100,11;100,25;100,8;101,02;99,74;100,55;100,27;100,05;100,19;99,66;98,13;99,37;99,49;99,64;100,17;100,6;99,33;100,32;100,59;100,77;100,82;101,24;100,59;102,05;101,98;102,23;102,11;102,09;101,13;102,58;102,61;102,79;102,8;102,83;101,9;103,14;103,15;103,6;104,22;104,53;103,63;105,06;105,38;105,64;105,47;104,78;103,58;105,31;105,63;105,92;106,47;106,11;105,3;106,54;106,5;106,53;106,56;106,68;106,21;107,25;105,99;105,1;104,78;105,72;105,4;106,34;106,13;106,08;105,86;106,32;107,33;106,67;108,59;108,56;109,02;109,35;108,92;110,08;110,4;111,75;112,56;112,11;112,3;114,98;117,22;118,29;118,95
Hungary;49,66;50,23;50,71;51,12;51,38;51,63;52,24;52,46;53,09;53,44;53,65;53,81;54,63;55,4;55,92;56,36;56,89;57,04;57,13;57,01;57,28;57,45;57,46;57,48;58,25;58,81;59,25;59,76;60,05;59,76;59,69;59,5;59,91;60,24;60,21;60,27;61,05;61,55;62,07;62,08;62,14;62,38;62,52;62,33;62,67;63,16;63,56;63,65;65,11;65,87;66,22;66,39;66,99;67,02;67,02;66,81;66,86;67,18;67,23;67,18;67,71;68,07;68,4;68,9;69,31;69,5;69,46;69,13;69,25;69,27;69,4;69,37;69,36;69,62;70,02;70,55;71,31;71,5;71,63;72,37;73,35;73,68;73,84;73,93;75,21;75,87;76,32;76,67;77,3;77,58;77,58;77,54;78,07;78,73;79,14;79,4;80,74;80,94;81,42;81,89;82,64;82,74;82,99;82,49;82,45;82,75;82,37;82,07;82,66;83,32;83,73;84,47;85,77;85,81;87,04;86,58;86,36;86,22;86,67;86,5;87,78;87,98;88,55;89,31;89,94;90,1;90,13;89,71;89,58;89,93;90,11;90,49;91,3;91,66;92,6;93,26;93,44;93,22;92,96;92,85;92,89;93,38;93,96;94,19;96,41;96,96;97,73;98,51;98,44;98,45;98,27;98,39;98,84;99;98,93;98,97;99,12;99,74;100,01;100,29;100,17;100,41;99,99;99,93;100,4;100,08;99,32;99,56;99,93;100,01;100,23;100,12;100,19;100,29;100,45;100,22;99,87;99,79;99,4;98,72;98,56;99,06;99,7;100,1;100,81;100,99;100,97;100,35;99,76;100,02;100;99,66;99,52;99,38;99,53;100,37;100,66;100,87;100,69;100,28;100,45;101,1;101,06;101,46;101,87;102,22;102,21;102,63;102,79;102,85;102,92;102,95;103,01;103,34;103,66;103,68;104,01;104,18;104,29;105,06;105,75;106,11;106,44;106,49;106,82;107,35;106,98;106,58;106,88;107,47;108,23;109,2;110;109,75;109,98;109,89;109,91;110,58;110,66;110,96;111,92;112,22;112,48;111,95;112,45;112,92;114,25;114,24;113,7;113,91;113,72;114,08;115,12;115,94;116,83;117,75;118,4;118,93;119,59;119,86;120,01;121,38;122,2;122,51;124,26;125,64;126,9;129,03;:
Malta;70,58;70,58;70,63;72,74;73,43;73,26;73,69;73,53;73,49;73,3;71,31;71,52;71,3;71,37;71,79;74,36;75,07;75,21;75,9;75,91;75,87;75,37;73,66;74,07;74,3;73,71;73,99;76,34;76,89;76,84;77,6;77,66;77,54;77,34;75,34;75,59;74,91;75,21;75,77;77,85;78,35;78,47;78,92;79,03;78,86;79,29;76,67;77,44;77,02;77,04;77,4;80,64;80,74;81,04;81,38;81,02;81,39;81,4;78,17;78,9;78,47;78,98;79,37;82,2;82,72;82,72;82,8;83,03;83,07;83,8;81,53;81,56;80,32;80,82;81,69;85,08;85,63;85,42;85,74;85,49;85,66;85,2;82,26;82,19;81,27;81,46;82,09;84,17;84,76;84,93;85,54;86;86,43;86,52;84,64;84,7;84,37;84,67;85,63;87,6;88,22;88,67;90,33;90,62;90,66;91,49;88,76;88,92;86,96;87,67;89,01;91,06;91,26;91,19;91,06;91,56;91,4;91,05;88,69;88,53;88,05;88,33;89,53;91,81;92,9;92,82;93,36;94,28;93,59;93,03;91,66;92,11;90,93;90,68;92,06;94,03;95,22;95,69;95,59;96,64;96,25;95,4;93,19;93,47;92,44;93,04;94,41;97,6;98,77;99,85;99,59;99,76;99,08;98,43;96,58;96,04;94,67;94,7;95,75;98,5;99,6;100,43;100,52;100,41;99,63;98,96;96,82;97,01;95,52;96,21;97,14;99;99,97;101,14;101,09;101,26;100,26;99,66;97,45;97,38;96,29;96,75;97,64;100,36;101,26;102,3;102,33;102,68;101,85;101,23;98,74;98,6;97,07;97,69;98,64;101,19;102,24;103,36;103,29;103,72;102,8;101,78;99,5;99,55;98,47;98,87;99,78;102,35;103,39;104,44;104,57;105;104,05;103,33;100,97;100,88;99,63;100,19;101,11;103,77;105,19;106,57;106,81;107,56;106,69;105,45;102,35;102,13;100,58;101,5;102,47;105,57;107,02;108,45;108,76;109,63;108,44;106,9;103,69;103,44;101,97;102,63;103,68;106,7;108,02;109,49;109,54;110,35;108,96;107,54;103,93;103,61;102,22;102,75;103,75;106,77;108,19;109,66;109,88;110,77;109,72;109,01;106,38;106,33;106,36;107,08;108,46;112,52;114,26
Netherlands;72,83;73,24;74,07;74,34;74,55;74,55;74,34;74,62;75,31;75,58;75,51;75,17;76,21;76,89;77,77;78,37;78,63;78,34;78,29;78,51;79,33;79,36;79,14;79,04;79,91;80,32;81,17;81,68;81,6;81,31;81,22;81,38;82,17;82,09;81,72;81,58;82,07;82,65;83,4;83,48;83,43;83,04;82,95;83,16;83,85;83,67;83,39;82,87;83,29;83,77;84,45;84,74;84,88;84,27;83,97;84,12;84,83;84,93;84,62;83,92;84,34;84,99;85,73;85,83;85,76;85,48;85,2;85,52;86,23;86,22;85,99;85,6;85,81;86,24;86,93;87,34;87,3;87,01;86,71;87,12;87,54;87,39;87,37;87,07;86,86;87,42;88,55;89,04;89,07;88,61;87,94;88,05;88,66;88,79;88,93;88,45;88,42;89,17;90,23;90,55;90,92;90,66;90,55;90,67;91,13;90,98;90,61;89,91;89,95;90,83;91,89;92,21;92,31;91,9;90,43;90,61;91,11;91,35;91,21;90,56;90,3;91,15;92,49;92,81;92,72;92,11;91,57;91,7;92,39;92,61;92,47;92,23;92,01;92,93;94,2;94,77;94,84;94,23;94,54;94,65;95,12;95,22;94,84;94,54;94,66;95,6;96,93;97,39;97,17;96,59;97;97,07;97,54;98,33;97,85;97,73;97,7;98,7;100,02;100,1;100,14;99,65;100;99,78;99,86;99,61;99,02;99,1;98,48;99,07;100,16;100,74;100,28;99,92;100,26;100,14;100,12;100;99,27;99,04;97,82;98,62;99,88;100,71;100,97;100,4;101,07;100,58;100,4;100,4;99,64;99,53;98,03;98,94;100,4;100,51;100,75;100,2;100,5;100,67;100,31;100,67;100,02;100,27;99,64;100,58;101,03;101,94;101,49;101,17;102;102,18;101,75;101,97;101,57;101,49;101,12;101,84;102,06;102,99;103,41;102,85;103,96;104,09;103,36;103,89;103,37;103,35;103,13;104,44;104,98;106,11;105,82;105,67;106,67;107,32;106,16;106,82;106,01;106,24;104,85;105,77;106,09;107,14;106,94;107,45;108,42;107,65;107,19;108,05;106,72;107,22;106,51;107,76;108,09;108,95;109,11;109,27;109,96;110,54;110,37;112,1;113,02;114,09;114,61;115,58;120,7;121,16;120,2
Austria;74,28;74,85;74,92;74,78;74,71;75;74,78;74,85;75,14;75,35;75,64;75,93;75,96;76,21;76,33;76,71;76,86;76,96;76,85;76,66;76,95;77,1;77,07;77,27;77,4;77,53;77,63;77,98;78,12;78,11;77,98;78,19;78,19;78,36;78,36;78,57;78,71;78,85;79,06;78,98;78,88;78,89;78,79;79,01;79,22;79,2;79,4;79,62;79,67;80,02;80,34;80,24;80,53;80,68;80,44;80,75;80,68;81,06;81,22;81,62;81,6;81,87;82,26;82,08;82,09;82,3;82,13;82,26;82,73;82,77;82,63;82,87;82,84;83,12;83,34;83,82;83,83;83,84;83,71;83,97;83,85;83,8;83,91;84,22;84,28;84,54;84,94;85,3;85,45;85,45;85,39;85,42;85,63;86,2;86,61;87,14;86,89;87,16;87,95;88,18;88,66;88,9;88,64;88,48;88,82;88,79;88,56;88,42;87,9;88,33;88,49;88,65;88,71;88,62;88,26;88,62;88,8;88,9;89,08;89,35;88,98;89,16;90,09;90,28;90,23;90,22;89,76;90;90,35;90,68;90,68;91,3;91,24;91,97;93,09;93,64;93,56;93,53;93,19;93,34;93,9;94,11;94,17;94,4;93,88;94,38;95,55;95,82;95,63;95,62;95,13;95,47;96,55;96,85;96,92;97,15;96,54;96,87;97,8;97,82;97,94;97,77;97,15;97,37;98,31;98,3;98,33;99,08;98,01;98,3;99,22;99,35;99,44;99,43;98,77;98,79;99,69;99,7;99,84;99,88;98,48;98,75;100,15;100,28;100,45;100,4;99,89;99,73;100,25;100,35;100,32;100,95;99,85;99,76;100,82;100,93;101,04;101,04;100,49;100,33;101,33;101,72;101,79;102,55;101,91;102,13;102,94;103,27;103,21;103,06;102,47;102,46;103,9;104,12;104,27;104,94;103,86;104,12;105,05;105,29;105,4;105,46;104,83;104,82;106,11;106,62;106,64;106,74;105,62;105,61;106,81;107,12;107,18;107,11;106,26;106,34;107,42;107,72;107,92;108,69;107,91;107,92;108,5;108,75;107,81;108,25;108,14;107,82;108,67;108,93;109,13;109,79;109,05;109,4;110,69;110,83;111,04;111,28;111,18;111,23;112,23;113,03;113,62;113,95;113,93;115,4;118;118,75;120,02
Poland;67,6;68,2;68,8;69,1;69,5;70,1;70,5;70,3;71;71,6;71,8;72;72,6;72,6;73;73,6;74,5;74,4;74;73,6;73,9;74,2;74,3;74,5;75,2;75,3;75,5;75,8;75,6;75,3;74,9;74,6;74,9;75,1;75,1;75,1;75,4;75,5;75,8;75,9;75,9;75,8;75,4;75,1;75,5;75,9;76,2;76,4;76,8;76,9;77,1;77,7;78,5;79,1;79;78,8;79;79,5;79,7;79,7;79,7;79,7;79,7;80,1;80,3;80,2;80,2;80,2;80,5;80,7;80,6;80,3;80,4;80,4;80,5;81,1;81,5;81,3;81,3;81,6;81,6;81,6;81,6;81,4;81,7;82;82,4;82,8;83,3;83,4;83,3;83,2;83,8;84,2;84,7;84,9;85,3;85,7;86;86,3;86,9;87,1;87,1;86,9;87,2;87,5;87,7;87,7;88;88,8;89,5;90,1;90,6;90,8;91;90,7;90,7;90,8;91,1;91,1;91,5;91,8;92;92,4;92,7;92,9;92,8;92,4;92,9;93,3;93,4;93,7;94,7;94,9;95,7;96,2;96,7;96,3;96,1;96,1;96,1;96,8;97,5;98;98,6;99;99,5;100;100,2;100,4;100;99,8;99,8;100,1;100,1;100,1;100,2;100,2;100,5;100,8;100,7;100,7;100,9;100,6;100,7;100,8;100,6;100,7;100,8;100,9;101,1;101,1;101;101;100,8;100,5;100,4;100,5;100,3;100;99,7;99,6;99,9;100,3;100,4;100,5;100,4;100,1;99,8;99,9;99,8;99,6;99,4;99,4;99,5;99,8;100;100,1;99,8;99,6;99,6;100;100;100,5;100,8;101,3;101,3;101,6;101,5;101,4;101,2;101;101,2;101,6;102;102,2;102,4;102;102;102,5;102,7;102,8;102,6;102,4;102,7;103,1;103,1;103,1;103;103,3;103,7;104,7;105;105,2;105,2;105,1;105,2;105,5;105,6;106,2;106,9;107,5;107,7;107,7;108,6;109,2;109,1;109;109,2;109,5;109,5;109,8;110,8;111,4;112,4;113,2;113,6;113,7;114,2;114,5;115,3;116,5;117,6;118,6;120,4;120,4;123,9;126,1;:
Portugal;71,78;71,58;71,71;72,52;72,99;73,39;73,72;73,79;73,72;73,92;74,39;74,66;74,93;75,05;75,37;75,84;76,54;76,74;76,9;76,75;76,74;77,01;77,45;77,58;77,67;77,56;77,9;78,56;79,17;79,43;79,62;79,73;79,7;80,17;80,62;80,7;80,75;80,75;80,8;81,48;82,05;82,08;81,96;82,05;82,21;82,43;82,51;82,54;82,54;82,45;82,64;83,42;84,11;85,06;84,38;84,04;83,97;84,35;84,63;84,66;84,23;84,19;84,47;85,1;85,58;85,63;85,99;86,13;86,26;86,55;86,74;86,81;86,51;86,68;87,72;88,22;88,7;88,66;88,53;88,46;88,82;88,84;88,84;89;88,74;88,71;89,82;90,65;90,81;90,78;90,56;90,18;90,57;91,04;91,33;91,44;91,31;91,32;92,65;92,94;93,39;93,86;93,39;92,97;93,44;93,28;92,63;92,21;91,41;91,38;92,1;92,43;92,22;92,38;92,03;91,84;91,77;91,78;91,92;92,08;91,5;91,55;92,67;93,06;93,23;93,43;93,79;93,66;93,58;93,91;93,98;94,33;94,79;94,74;96,27;96,8;96,7;96,52;96,64;96,25;96,83;97,71;97,57;97,63;97,96;98,1;99,29;99,63;99,32;99,14;99,33;99,27;99,66;99,8;99,44;99,67;98,4;98,29;99,96;100,02;100,26;100,31;100,12;99,43;99,93;99,8;99,49;99,84;98,45;98,2;99,57;99,91;99,98;100,06;99,44;99,37;99,89;99,93;99,57;99,57;98,09;98,11;100,01;100,4;100,93;100,82;100,15;100,03;100,78;100,63;100,19;99,86;98,78;98,28;100,48;100,93;101,33;101,5;100,87;100,83;101,49;101,69;100,71;100,74;100,05;99,85;101,86;103,35;103,08;102,53;101,89;102,12;103,15;103,64;102,53;102,37;101,15;100,51;102,69;103,68;104,55;104,57;104,16;103,46;105,03;104,49;103,43;103,02;101,73;101,45;103,53;104,6;104,87;105,27;103,46;103,34;104,76;104,39;103,66;103,4;102,57;101,99;103,67;104,46;104,2;105,5;103,38;103,12;103,92;103,8;103,24;103,1;102,76;102,27;103,8;104,36;104,7;104,91;104,53;104,41;105,29;105,69;105,96;105,97;106,25;106,74;109,49;112,07;113,19
Romania;24,01;24,53;24,97;26,17;26,65;27,4;28,57;29,1;29,92;30,74;31,61;32,39;33,59;34,34;35,05;35,97;36,6;37,18;37,67;38,51;39,26;40,21;41,31;42,2;43,18;43,68;43,84;44,73;45,56;46,11;46,34;46,72;47;47,77;48,99;49,72;50,36;50,77;51,32;51,87;52,12;52,56;53,19;53,33;54,48;55,31;56,1;56,76;57,39;57,75;58,04;58,37;58,54;58,89;59,64;59,96;60,53;61,27;61,67;62,02;62,52;62,91;63,1;64,23;64,43;64,62;65,25;65,32;65,7;66,27;67,07;67,43;68,12;68,29;68,43;68,72;69,13;69,25;69,33;69,28;69,32;69,46;70,22;70,74;70,89;70,93;70,98;71,35;71,81;71,92;72,14;72,76;73,55;74,27;74,96;75,45;76,09;76,63;77,15;77,56;77,94;78,16;78,71;78,64;78,96;79,8;80,07;80,26;81,26;81,93;82,34;82,56;82,57;82,73;82,68;82,52;82,84;83,21;83,77;84,03;85,45;85,61;85,8;86,07;86,19;86,32;88,56;88,76;89,26;89,75;90,23;90,71;91,42;92,13;92,68;93,3;93,5;93,23;92,9;92,58;92,38;92,98;93,37;93,59;93,97;94,6;95,03;95,1;95,37;95,31;95,76;96,28;97,36;97,59;97,52;97,86;98,79;99,19;99,25;99,28;99,54;99,57;99,04;98,81;98,42;98,74;98,75;99,15;99,96;100,47;100,53;100,87;100,83;100,51;100,49;100,13;100,24;100,48;100,28;100,18;100,46;100,84;101,3;101,51;102,17;99,59;99,07;98,45;98,73;99,03;99,34;99,5;98,95;98,69;98,85;98,82;99,15;98,94;98,74;98,74;98,59;99,09;99,13;99,41;99,28;99,18;99,25;99,46;99,68;99,61;99,61;99,36;99,92;101,03;101,68;101,98;102,66;102,91;103,23;103,69;104,28;104,33;103,94;104,02;104,62;105,26;104,96;105,06;105,98;107;107,58;108,3;108,86;108,43;108,23;108,24;108,3;108,68;108,9;109,31;110,09;110,05;110,47;110,76;110,77;110,78;110,95;110,93;110,53;110,67;110,7;111,32;112,29;112,76;113,23;113,7;114,34;114,62;115,15;115,35;116,31;117,85;118,15;118,76;120,42;121,68;124,05;127;:
Slovenia;59,52;60,07;60,62;60,98;61,21;61,62;62,13;62,31;63,18;63,55;64,28;64,33;64,56;65,36;66,09;66,53;67,31;67,64;67,79;67,81;68,4;68,68;68,91;68,87;69,97;70,56;71,09;72,15;72,44;72,32;72,88;73,01;73,34;73,52;73,41;73,79;74,64;75,06;75,56;75,99;76,44;76,78;77,29;77,1;77,01;77,12;77,26;77,28;77,64;77,76;78,23;78,71;79,43;79,77;80,19;79,96;79,65;79,76;80,17;79,83;79,41;79,93;80,77;80,81;81,1;81,14;81,75;81,36;82,15;82,26;81,81;81,73;81,44;81,75;82,35;83,08;83,83;83,58;83,34;83,92;84,19;83,57;83,83;84,17;83,76;83,67;84,57;85,51;86,49;86,79;86,7;86,83;87,22;87,85;88,66;89;89,09;88,98;90,16;90,82;91,88;92,71;92,7;92,06;92,06;92,05;91,24;90,57;90,3;90,85;91,58;91,79;92,37;92,86;92,1;92,16;92,07;92,18;92,88;92,48;91,93;92,23;93,18;94,21;94,59;94,78;94,22;94,35;93,93;94,07;94,34;94,48;94,07;94,09;95,38;96,08;96,88;96,25;95,22;95,48;96,05;96,79;96,95;96,46;96,18;96,74;97,72;98,88;99,16;98,54;97,69;98,47;99,6;99,88;99,69;99,45;98,91;99,59;99,88;100,45;100,72;100,75;100,42;100,71;101,09;101,03;100,9;100,36;99,8;99,77;100,5;100,97;101,7;101,77;100,75;100,69;100,98;101,07;100,95;100,27;99,08;99,24;100,1;100,2;100,87;100,79;100,07;100,08;99,95;99,92;100,02;99,67;98,32;98,36;99,16;99,5;100,33;100,84;99,97;99,9;100,18;100,61;100,69;100,29;99,84;100,79;101,14;101,18;101,86;101,76;101,14;101,27;101,6;101,87;102,14;102,21;101,56;102,22;102,61;103,07;104,12;104,15;103,27;103,29;103,84;104,21;104,31;103,68;102,78;103,5;104,23;104,93;105,75;106,1;105,38;105,79;105,64;105,74;105,77;105,71;105,15;105,56;104,91;103,56;104,3;105,21;105,05;105,02;104,85;105,2;104,56;104,48;104,2;104,41;105,04;105,85;106,62;107,03;107,1;107,19;107,72;108,9;109,71;109,83;110,48;111,73;111,3;113,63;115,91
Slovakia;59,14;61,17;61,4;61,36;61,53;61,49;61,48;61,53;61,91;62,15;62,37;62,51;63,57;65,05;65,45;65,73;66,05;66,13;66,38;66,26;66,45;66,45;66,61;66,7;67,68;67,89;67,91;68,16;68,23;67,97;67,82;68,25;68,53;68,62;68,62;68,85;72,5;72,91;73,36;73,4;73,44;73,62;73,59;74,4;74,88;75,02;75,15;75,29;78,52;79,04;79,22;79,22;79,49;79,64;79,78;79,69;79,81;79,94;79,82;79,72;81,05;81,16;81,13;81,31;81,41;81,73;81,47;81,39;81,62;82,72;82,73;82,77;84,35;84,62;84,63;84,89;85,31;85,43;85,53;85,44;85,27;85,29;85,74;85,8;86,23;86,31;86,36;86,6;86,62;86,68;86,58;86,5;86,75;87,35;87,7;87,94;88,97;89,23;89,49;89,76;90,1;90,42;90,41;90,35;90,7;91,01;91,12;91,06;91,38;91,36;91,11;91,01;91,07;91,08;90,97;90,78;90,74;90,89;91,15;91,1;91,21;91,22;91,34;91,67;91,73;91,72;91,84;91,74;91,73;91,76;92,02;92,25;94,16;94,42;94,8;95,25;95,56;95,51;95,35;95,47;95,74;95,95;96,44;96,48;97,97;98,19;98,5;98,74;98,84;99,07;99,01;99,06;99,34;99,73;99,8;99,73;100,43;100,4;100,42;100,46;100,57;100,72;100,64;100,46;100,43;100,44;100,28;100,12;100,38;100,28;100,26;100,26;100,53;100,64;100,49;100,28;100,34;100,43;100,26;99,99;99,87;99,68;99,87;100,13;100,44;100,55;100,27;100,06;99,82;99,9;99,88;99,53;99,24;99,37;99,38;99,74;99,69;99,82;99,41;99,27;99,3;99,58;99,67;99,75;100,02;100,55;100,42;100,56;100,82;100,82;100,87;100,88;101,05;101,4;101,73;101,71;102,59;102,75;102,95;103,56;103,57;103,7;103,53;103,77;103,81;103,9;103,76;103,61;104,86;105,09;105,78;106,01;106,39;106,49;106,64;106,87;106,97;106,87;107,05;106,89;108,23;108,37;108,34;108,26;108,58;108,46;108,54;108,41;108,45;108,61;108,71;108,65;109;109,31;109,93;110,1;110,78;111,19;111,7;111,97;112,82;113,4;113,96;114,15;117,37;118,36;120,43;122,06;123,85
Finland;75,22;75,8;76,3;76,44;76,8;77,09;76,73;76,8;77,59;77,66;77,59;77,45;77,37;77,84;78,23;78,62;79,32;79,38;78,75;78,9;79,58;79,51;79,26;79,27;79,63;79,79;80,26;80,58;80,75;80,6;80,33;80,31;80,65;80,86;80,63;80,63;80,76;81,44;81,72;81,7;81,6;81,51;81,12;81,27;81,66;81,58;81,52;81,59;81,36;81,77;81,39;81,39;81,5;81,44;81,27;81,47;81,81;82,1;81,7;81,71;81,26;81,78;82,11;82,33;82,03;82,26;82;82,25;82,76;82,72;82,45;82,54;82,21;82,84;83,09;83,53;83,46;83,47;83,09;83,33;83,41;83,54;83,54;83,56;83,29;83,81;84,42;84,81;84,55;84,67;84,44;84,45;84,83;85,07;85,37;85,18;86,16;86,57;87,44;87,58;88,05;88,34;88,1;88,34;88,83;88,81;88,35;88,06;88,3;88,9;89,23;89,42;89,37;89,74;89,12;89,5;89,79;89,34;89,5;89,65;89,71;90,04;90,58;90,84;90,66;90,87;90,3;90,65;91,06;91,44;91,65;92,13;92,49;93,19;93,73;93,9;93,77;94;93,6;93,8;94,21;94,37;94,57;94,53;95,3;96,02;96,49;96,71;96,66;96,76;96,51;96,85;97,43;97,67;97,58;97,79;97,79;98,37;98,88;99,06;99,05;98,99;98,96;98,84;99,22;99,35;99,32;99,68;99,63;99,91;100,16;100,3;100;100,05;99,91;100,07;100,7;100,53;100,38;100,23;99,49;99,83;100,2;100,22;100,11;100,12;99,82;99,87;100,02;100,19;100,15;99,98;99,52;99,69;100,18;100,49;100,4;100,46;100,31;100,35;100,57;100,82;100,8;101,08;100,41;101,12;101,1;101,5;101,32;101,34;100,94;101,12;101,35;101,32;101,67;101,59;101,26;101,74;101,98;102,32;102,37;102,55;102,36;102,51;102,78;103,05;103,13;102,93;102,48;103,04;103,15;103,9;103,67;103,71;103,38;103,79;103,83;103,98;103,92;104,1;103,72;104,2;104,03;103,58;103,52;103,77;104,07;104,09;104,11;104,22;104,1;104,3;104,76;105,12;105,44;105,85;105,88;105,75;105,97;106;106,26;107,14;107,72;107,6;109,1;109,73;111,54;111,98;113,43
Sweden;78,83;79,2;79,59;79,49;79,96;79,93;79,47;79,52;80,2;80,39;80,45;80,31;80,06;80,35;81,02;81,8;82,45;82,28;81,73;81,94;82,93;82,78;82,79;82,87;82,35;82,58;83,36;83,65;83,81;83,65;83,14;83,23;83,89;84,19;83,96;84,25;84,51;85,34;85,83;85,57;85,44;85,32;85,13;85,11;85,8;85,84;85,64;85,77;85,56;85,43;86,2;86,42;86,73;86,29;86,16;86,05;86,75;87,09;86,55;86,55;86,02;86,46;86,68;86,83;86,93;86,98;86,78;86,96;87,68;87,87;87,59;87,63;87,04;87,36;87,93;88,41;88,59;88,59;88,29;88,32;88,75;88,92;88,93;88,91;88,46;88,87;89,37;89,79;89,67;89,78;89,5;89,39;90,14;90,59;91,09;91,16;91,15;91,49;92,3;92,64;93,02;93,37;92,92;93,02;93,91;93,72;93,26;93,1;93,02;93,53;94,04;94,31;94,63;94,82;94,6;94,77;95,19;95,44;95,47;95,7;95,53;96,13;96,36;96,3;96,38;96,32;95,9;95,84;96,63;96,94;97,12;97,72;96,84;97,32;97,7;98,02;98,06;97,74;97,47;97,41;98,09;97,98;98,18;98,15;97,57;98,29;98,73;98,99;98,95;98,64;98,19;98,31;99,04;99,14;98,94;99,17;98,2;98,75;99,26;99,03;99,23;99,09;98,96;99,09;99,52;99,3;99,22;99,53;98,35;98,88;98,92;99,31;99,38;99,6;99,35;99,32;99,56;99,62;99,54;99,8;98,71;99,54;99,66;99,82;100,26;100;100,13;99,96;100,45;100,55;100,38;100,54;99,96;100,3;100,85;100,86;101,08;101,19;101,27;101,13;101,29;101,69;101,73;102,28;101,5;102,25;102,25;102,84;102,89;103;103,59;103,37;103,51;103,4;103,63;104,05;103,1;103,93;104,25;104,66;104,95;105,21;105,82;105,53;106,05;105,89;105,77;106,29;105,13;105,88;106,1;106,82;107,12;106,94;107,45;106,91;107,43;107,57;107,67;108,14;106,73;107,21;106,97;106,58;107,25;107,93;108,18;107,99;108,06;107,99;107,91;108,79;108,73;109,11;109,22;109,54;109,79;109,87;110,18;110,72;111,29;111,53;112,15;113,71;112,98;113,95;116,12;116,78;:
European Economic Area (EEA18-1995, EEA28-2004, EEA30-2007, EEA31-2013, EEA30-2020);73,74;73,97;74,23;74,33;74,45;74,68;74,65;74,7;75,09;75,12;75,27;75,49;75,13;75,35;75,73;76,19;76,59;76,7;76,43;76,44;76,66;76,69;76,62;76,93;76,95;77,08;77,5;77,84;77,98;77,95;77,84;77,92;78,13;78,31;78,26;78,62;78,51;78,83;79,25;79,38;79,33;79,38;79,27;79,41;79,7;79,8;79,82;80,06;79,83;80,01;80,46;80,83;81,14;81,18;81,02;81,14;81,25;81,56;81,54;81,83;81,4;81,67;82,18;82,52;82,72;82,8;82,74;82,93;83,31;83,51;83,36;83,59;83,25;83,5;83,9;84,45;84,74;84,82;84,74;84,88;84,93;85;85,07;85,38;85;85,28;85,8;86,28;86,51;86,62;86,39;86,5;86,82;87,26;87,71;88,08;87,89;88,27;89;89,37;89,93;90,29;90,23;90,2;90,46;90,49;90,15;89,99;89,44;89,91;90,23;90,54;90,7;90,9;90,48;90,73;90,77;90,95;91,1;91,39;90,94;91,25;92,08;92,47;92,6;92,64;92,37;92,55;92,81;93,08;93,22;93,83;93,43;93,87;94,89;95,47;95,54;95,49;95,08;95,27;95,88;96,17;96,32;96,65;96,1;96,61;97,59;98,05;97,96;97,84;97,47;97,81;98,42;98,7;98,57;98,9;98,12;98,52;99,42;99,41;99,51;99,56;99,17;99,3;99,7;99,63;99,55;99,88;99,01;99,33;100,04;100,22;100,13;100,23;99,73;99,82;100,14;100,12;99,92;99,82;98,57;99,07;99,96;100,35;100,61;100,58;100,12;100,1;100,23;100,35;100,03;100,03;98,86;99,02;99,96;100,17;100,52;100,69;100,34;100,39;100,68;100,92;100,71;101,2;100,54;100,98;101,62;102,14;102,13;102,19;101,89;102,12;102,48;102,6;102,54;102,86;102,16;102,4;103,22;103,65;104,21;104,33;104,19;104,38;104,72;104,96;104,57;104,57;103,71;104,09;104,92;105,65;105,85;105,96;105,67;105,79;105,97;106,1;105,92;106,21;105,51;105,73;106,2;106,44;106,45;106,82;106,59;106,21;106,26;106,45;106,15;106,49;106,81;107,1;107,99;108,61;108,91;109,18;109,23;109,59;110,13;111,09;111,63;112,16;112,74;113,73;116,42;117,39;:
Iceland;46,82;46,64;46,9;47,33;47,51;47,68;47,98;47,68;47,77;48,24;48,33;48,29;48,42;48,47;48,82;49,4;50,17;51,09;51,53;51,55;51,97;52,27;52,47;52,7;53,2;53,05;53,27;53,24;53,23;53,51;53,59;53,34;53,62;53,83;53,7;53,71;53,8;53,64;54,25;54,22;54,17;54,2;54,08;53,88;54,24;54,44;54,54;54,65;54,61;54,41;54,81;55,06;55,44;55,74;55,56;55,49;55,73;56,03;56,06;56,24;56,02;55,93;56,14;55,9;55,74;55,93;55,86;55,73;56,63;56,88;56,67;56,83;56,76;56,63;57,27;57,72;58,39;59,15;59,4;59,66;60,09;60,2;60,16;60,17;60,33;60,4;59,99;60,15;60,73;60,95;60,93;60,72;61,38;61,6;61,82;62,25;62,21;63,12;64,1;66,6;67,85;68,59;69,23;70;70,83;72,63;74,05;75,34;75,81;76,74;76,86;77,44;78,54;80,06;80,65;81,2;81,64;82,62;83,22;83,85;83,87;84,95;85,76;86,03;86,35;86,18;85,65;85,98;85,84;86,44;86,41;86,78;85,72;86,91;87,72;88,65;90,06;90,32;90,13;90,24;90,68;91;90,79;91,34;91,04;92,73;94,52;95,01;95,49;96,58;95;94,33;95,48;95,67;96,22;96,02;96,6;98,48;98,78;98,77;98,69;99,59;98,99;98,81;99,1;98,71;99,1;99,55;98,07;99,27;99,67;100,1;99,79;100,92;101,26;101,05;99,45;99,65;98,53;99,15;98,02;98,45;99,58;99,77;100,13;100,89;101,76;102,17;100,31;100,01;99,06;99,86;99,12;99,33;99,91;100,17;101,59;102,5;102,91;102,87;101,37;100,32;99,65;99,75;98,52;99,12;98,54;99,39;99,05;99,83;100,93;100,16;98,66;99,16;97,41;98,73;97,86;98,09;98,8;98,7;99,03;101,25;102,8;102,31;99,87;100,08;98,84;100,67;99,69;99,13;100,15;101,91;101,91;103,54;104,51;104,13;102,71;102;100,97;101,59;100,33;101,79;101,19;101,85;102,8;103,84;104,37;105,03;104,19;103,73;103,61;103,97;103,8;104,64;105,01;105,4;106,22;108,03;108,26;108,88;108,2;108,04;107,62;107,99;108,22;109,29;110,31;111,35;:
Norway;76;76,4;76,6;76,8;76,9;77,4;77,1;76,8;77,5;77,6;77,9;77,8;78,3;79;79,2;79,6;80;80;78,7;78,5;79;79;78,9;79;79;79,3;79,6;79,5;79,7;79,7;79,6;79,3;79,9;80;80,3;81;82,3;82,5;82,1;81,5;81,1;80,9;80,6;80,7;81,1;81,1;81,1;81,1;81,1;81,3;81,7;81,9;81,9;81,9;81,9;81,6;82;82,2;82,2;82,1;81,9;82;82,4;82,8;83,1;83,3;83;83,1;83,8;83,8;83,8;83,7;83,4;84,2;84,4;85,2;85,2;85,1;84,9;84,8;86,2;86,2;86;85,5;84,5;84,9;85,5;85,6;85,7;85,6;85,4;85,4;86;86;86,9;87,3;86,9;87,5;87,9;87,9;88,1;88,2;88,8;88,8;90,1;90,4;89,7;89,5;89,1;90;90,1;90,5;90,7;91,3;90,7;90,5;91,4;91,1;91,4;91,6;91,6;92,8;93,4;93,5;93;92,9;92,3;92;92,6;92,7;92,9;94,1;93,4;93,9;94,2;94,8;94,5;94,1;93,8;93,1;94,1;94;94;94;93,6;94,8;94,6;94,7;94,7;94,1;93,6;93,1;94,2;94,7;94,7;95,1;94,7;95,4;95,7;96,4;96,3;95,9;96,3;96,2;96,7;96,8;97;96,8;96,7;97,2;97,5;97,9;97,9;97,6;98,4;98;98,6;98,7;98,8;98,7;98,5;98,9;99,2;99,6;99,8;100,1;99,9;99,7;100,5;101,1;101,5;101,1;101,6;102,2;102,8;103,1;103,5;104,2;104,9;104,2;104,6;105,2;105,5;104,9;104,5;105;105,4;105,5;105,8;106,2;106,4;105,6;106,3;106,3;106,6;106,5;106,2;107,4;107,7;108,2;108,2;109,1;110,1;109,7;110,3;110,1;110,7;110,7;110;111;111,1;111,6;111,3;111,4;112,1;111,3;111,9;112;112,4;112;111,9;111,8;111,7;112,3;112,5;112,8;113,7;113,1;113,5;113,9;112,9;113,6;114,9;115,8;115,5;115,9;115,7;116,2;117,4;117,4;118,9;118,4;119,5;120,5;118,5;119,9;120,9;122,7;:
Switzerland;:;:;:;:;:;:;:;:;:;:;:;:;:;:;:;:;:;:;:;:;:;:;:;:;:;:;:;:;:;:;:;:;:;:;:;:;:;:;:;:;:;:;:;:;:;:;:;:;:;:;:;:;:;:;:;:;:;:;:;96,9;96,5;96,8;97;97,8;97,7;97,5;97;97,1;97,5;98,3;98;97,9;97,9;98,1;98;98,8;98,9;98,9;98,3;98,4;98,2;98,5;98,4;98,4;97,9;98,1;98,3;99,3;99,5;99,6;99;98,9;99;99,8;100,2;100,4;100,4;100,4;100,7;101,5;102,1;102,4;102,2;102;101,8;102,4;101,4;100,8;100,3;100,2;100;100,9;100,9;101,1;100,8;100,9;100,7;101,3;101,2;100,9;101,1;101,1;101,4;102,2;101,9;101,6;101,1;101,1;100,9;101,5;101,4;101,4;101,1;101,6;102,3;102,4;102,2;102,2;101,3;100,7;101,2;101,2;100,7;101;100,2;100,4;101,2;101,3;101,1;100,8;100,6;100,3;101;101;100,5;100,7;100,2;100,5;100,9;100,9;100,9;101;101,1;100,7;101,2;101;100,7;100,9;100,3;100,3;100,8;101;101,1;100,9;101;100,7;101,2;101,1;100,8;100,9;100,28;99,92;100,39;100,12;100,2;100,32;100,13;99,59;99,93;99,98;99,63;99,51;98,82;98,98;99,36;99,59;99,71;99,74;99,66;99,63;99,63;99,73;99,43;99,35;99,15;99,71;99,85;100,31;100,13;100,16;100,24;100,17;100,39;100,5;100,22;100,45;99,95;100,24;100,56;100,76;101,15;101,11;101,47;101,46;101,47;101,65;101,24;101,24;100,63;100,92;101,23;101,85;101,63;101,82;101,87;101,94;101,56;101,37;100,92;101,17;100,8;100,7;100,78;100,87;100,65;100,53;100,63;100,54;100,44;100,45;100,09;100,19;100,24;100,32;100,53;100,79;100,99;101;101,12;101,33;101,29;101,71;101,57;101,53;101,69;102,25;102,73;103,15;:
United Kingdom;71,9;72,2;72,3;72,6;72,8;72,9;72,5;72,5;73,1;73,1;73,2;73,2;72,6;72,7;73;73,4;74;74,1;73,6;73,9;74,1;73,9;73,8;74;73,7;73,8;74,1;74,4;74,6;74,6;74,4;74,6;74,8;74,9;74,9;75,2;74,7;75;75,3;75,5;75,5;75,4;75,3;75,6;75,9;76;75,9;76,2;75,8;76;76,1;76,4;76,6;76,6;76,4;76,6;76,7;76,9;77;77,4;77;77,2;77,5;77,8;78,1;78,1;78,2;78,4;78,6;78,7;78,7;78,9;78,5;78,8;78,9;79,4;79,9;80,1;80;80,4;80,5;80,6;80,8;81,3;80,6;81;81,4;81,6;81,8;82;81,5;81,8;81,9;82,3;82,5;83;82,4;83;83,4;84;84,6;85,2;85,1;85,7;86,1;85,9;85,8;85,5;84,9;85,6;85,8;86;86,4;86,7;86,7;87;87,1;87,2;87,5;88;87,8;88,2;88,7;89,2;89,4;89,5;89,3;89,8;89,8;90;90,3;91,2;91,3;92;92,2;93,2;93,4;93,3;93,3;93,8;94,4;94,5;94,6;95,1;94,6;95,1;95,4;96;95,9;95,5;95,6;96,1;96,5;97;97,2;97,6;97,1;97,8;98,1;98,3;98,5;98,3;98,3;98,7;99,1;99,1;99,2;99,6;99;99,5;99,7;100,1;100;100,2;99,9;100,2;100,3;100,4;100,1;100,1;99,3;99,5;99,7;99,9;100,1;100,2;100;100,3;100,2;100,3;100,3;100,3;99,5;99,8;100,2;100,2;100,4;100,6;100,6;100,9;101,1;101,2;101,4;101,9;101,4;102,1;102,5;102,9;103,3;103,3;103,2;103,8;104,1;104,2;104,6;104,9;104,4;104,9;105;105,4;105,8;105,8;105,8;106,5;106,6;106,7;107;107,1;106,3;106,8;107;107,6;107,9;107,9;107,9;108,4;108,5;108,3;108,5;108,5;108,2;108,6;108,6;108,5;108,5;108,6;109,1;108,6;109,1;109,1;108,9;:;:;:;:;:;:;:;:;:;:;:;:;:;:;:;:;:;:
North Macedonia;:;:;:;:;:;:;:;:;:;:;:;:;:;:;:;:;:;:;:;:;:;:;:;:;:;:;:;:;:;:;:;:;:;:;:;:;:;:;:;:;:;:;:;:;:;:;:;:;:;:;:;:;:;:;:;:;:;:;:;80,24;80,18;80,61;80,5;80,45;80,67;80,86;80,17;79,66;80,1;80,67;80,48;80,96;82,76;83,01;83,08;83,31;84,42;83,82;83,58;83,22;82,93;83,06;83,79;83,71;83,71;83,65;83,96;84,35;85,03;85;84,88;85,11;85,62;85,9;87,01;88,13;89,89;90,7;91,41;91,94;92,22;92,67;91,91;91,55;91,35;91,93;92,01;92,46;92,19;92,05;92,39;92,27;93,31;91,79;91,31;90,8;90,73;90,34;90,62;91,47;91,7;92,15;92,69;93,35;92,66;92,87;92,2;92,13;92,18;92,48;92,84;93,59;94,05;94,88;96,33;96,74;96,55;96,03;95,33;95,08;94,94;95,08;95,6;95,57;95,97;96,33;96,63;97,7;97,41;97;96,09;97,03;98,09;98,25;98,27;98,3;98,58;98,78;98,92;101,37;100,92;101,02;99,66;99,98;99,93;99,86;99,69;100,16;100,07;100,08;99,8;99,94;100,36;99,81;99,82;99,49;99,54;99,8;99,78;99,92;99,41;99,52;99,93;100,31;100,76;100,78;100,09;100,22;100,05;99,74;99,6;99,58;99,84;99,69;99,77;99,93;100,66;100,75;100,56;100,63;100,74;100,53;99,97;99,76;100,89;100,17;100,78;101,54;102,83;103,39;102,71;103,11;103,2;103,2;103,12;103,22;102,96;103,22;103,45;103,84;105,59;105,49;105,08;105,48;105,33;105,62;105,09;104,82;104,78;105,07;105,73;106,7;107,3;105,32;105,38;105,88;105;104,81;104,49;104,62;104,79;105,07;105,44;105,91;106,57;107,76;107,45;107,93;107,22;107,04;107,67;107,86;107,51;107,68;108,24;109,15;110,09;110,27;110,47;111,46;111,51;112,02;112,82;113,11;114,68;116,01;118;120,68;:
Serbia;:;:;:;:;:;:;:;:;:;:;:;:;:;:;:;:;:;:;:;:;:;:;:;:;:;:;:;:;:;:;:;:;:;:;:;:;:;:;:;:;:;:;:;:;:;:;:;:;:;:;:;:;:;:;:;:;:;:;:;:;:;:;:;:;:;:;:;:;:;:;:;52,5;52,9;53,5;53,9;54,9;56;56;55,4;55,5;55,5;55,5;55,9;55,9;56,1;56;56,3;56,6;57,4;57,6;57,6;58,9;59,8;60,2;60,9;61,7;62,4;62,8;63,8;64,9;65,5;65,7;65,1;65,3;66;67,1;67,2;66,7;68,4;69,3;69,6;70,3;71,1;71,4;70,9;70,8;71;70,9;71,3;71,3;71,8;72,1;73;73,5;74,2;74,3;74,4;75,4;76,4;77,1;78;78,6;79,8;81;83,1;84,1;84,2;83,9;83,5;83,5;83,6;83,9;84,5;84;84,2;84,9;85,8;86,3;88;88,9;88,7;90,1;92,2;94,7;94,8;94,4;94,9;95,4;95,4;96,2;96,4;97,4;96,4;96,8;96,8;97;96,5;96,6;97,7;97,9;97,8;98,4;98,8;98,9;98,8;98,6;99,2;98,9;98,8;98,4;98,1;98,7;99,4;100;100,1;100,8;100;100,8;100,8;100,6;100,4;100,2;100,7;100,6;100,5;100,9;101;101,1;101,2;102,2;101,5;102,2;102,1;101,9;103,2;104;104,3;105,2;104,8;105;104,6;104,9;104,9;105,1;105;105;105,3;105,7;105,8;106,3;107,1;107,6;107,1;107,6;107,1;107,5;107;107,1;107,4;108,1;108,6;109,4;109,2;109,1;109;109,1;108,6;108,7;108,9;109,3;109,9;110,6;110,5;110,7;110,4;111,1;111,4;111,2;110,6;110,7;110,7;110,7;111,2;111,9;112,4;113,6;114,3;114,6;114,8;115,9;116,8;117,9;119;119,5;120,4;121,7;122,7;124,4;:
Turkey;11,45;11,85;12,22;12,52;12,79;12,84;13,1;13,34;13,73;14,17;14,69;14,98;15,37;15,59;16,69;18,67;19,69;20,37;20,83;21,44;22,8;24,28;25,37;26,15;27,75;28,13;28,42;29,04;29,16;29,29;29,7;30,36;31,42;32,5;33,53;34,06;34,95;35,79;36,94;37,76;38,38;38,25;37,99;37,96;38,56;39,05;39,71;39,98;40,29;40,5;40,88;41,09;41,27;41,21;41,41;41,73;42,12;43,07;43,63;43,89;44;44,09;44,25;44,43;44,97;44,91;44,6;44,94;45,48;46,29;46,85;47;47,35;47,45;47,58;48,22;49,13;49,29;49,71;49,49;50,13;50,76;51,42;51,54;52,05;52,27;52,75;53,39;53,66;53,53;53,14;53,15;53,7;54,67;55,74;55,86;56,31;57,03;57,58;58,55;59,43;59,21;59,55;59,41;59,67;61,23;61,74;61,48;61,66;61,45;62,12;62,14;62,53;62,61;62,76;62,58;62,83;64,34;65,15;65,5;66,71;67,67;68,07;68,47;68,23;67,85;67,52;67,79;68,63;69,88;69,9;69,69;69,97;70,49;70,78;71,39;73,12;72,07;71,78;72,3;72,85;75,23;76,53;76,97;77,42;77,89;78,2;79,45;79,28;78,56;78,39;78,77;79,51;81,15;81,37;81,69;83,15;83,48;84,07;84,23;84,3;84,88;85,13;85,08;85,78;87,4;87,34;87,77;89,66;90,1;91,18;92,12;92,26;92,7;93,17;93,45;93,48;95,28;95,36;94,98;96,12;96,96;98,13;99,43;99,92;99,75;99,77;100,06;100,87;102,6;103,08;103,31;105,35;105,35;105,31;105,99;106,47;106,76;108,09;107,96;108,26;109,94;110,28;112,11;114,87;115,8;116,98;118,51;119,04;118,72;118,89;119,51;120,29;122,79;124,62;125,48;126,76;127,69;128,96;131,37;133,5;136,99;137,74;140,91;149,79;153,79;151,57;150,96;152,57;152,81;154,39;157;158,49;158,53;160,68;162,07;163,67;166,95;167,59;168,83;171,11;171,71;172,7;174,17;176,54;178,54;179,59;181,13;182,9;186,8;191,09;193,48;196,72;198,5;200,65;204,02;205,82;209,82;213,59;215,96;218,71;223,96;231,83;263,29;292,52;306,58;323,33;346,79;:
United States;:;:;:;:;:;:;:;:;:;:;:;:;:;:;:;:;:;:;:;:;:;:;:;74,09;74,22;74,39;74,83;75,34;75,3;75,34;75,38;75,6;75,81;75,93;75,96;75,73;76,02;76,74;77,29;77,04;76,82;76,93;76,93;77,27;77,63;77,43;77,22;77,11;77,5;78;78,45;78,7;79,31;79,61;79,34;79,34;79,59;80,16;80,32;79,94;80,01;80,44;81,06;81,87;81,81;81,78;82,13;82,72;84,3;84,41;83,46;82,95;83,63;83,69;84,15;85,03;85,52;85,64;85,82;86,01;85,41;84,63;84,45;84,61;84,76;85,16;86,13;86,85;87,58;87,67;87,52;87,26;87,61;87,8;88,56;88,46;88,88;89,12;90,03;90,77;91,81;92,96;93,5;93;92,87;91,59;89,17;87,95;88,32;88,84;89,06;89,34;89,82;90,84;90,63;90,92;91,08;91,25;91,52;91,35;91,81;91,85;92,37;92,58;92,66;92,53;92,53;92,7;92,76;92,89;92,91;93,09;93,65;94,24;95,46;96,29;96,87;96,66;96,74;97;97,16;96,85;96,69;96,32;96,84;97,37;98,25;98,59;98,38;98,17;98,09;98,65;99,15;98,99;98,33;97,97;98,3;99,26;99,57;99,38;99,58;99,88;99,9;99,94;99,99;99,58;99,22;99,13;99,56;100,04;100,81;101,18;101,58;101,77;101,66;101,37;101,4;100,95;100,12;99,29;98,57;99,09;99,81;100,01;100,61;100,98;100,9;100,61;100,29;100,14;99,77;99,23;99,34;99,35;99,89;100,43;100,87;101,22;100,88;100,87;101,09;101,11;100,77;100,73;101,43;101,79;101,87;102,22;102,27;102,29;102,11;102,42;103,02;102,78;102,68;102,54;103,2;103,75;103,98;104,44;104,94;105,08;105;104,97;105,04;105,17;104,6;104,08;104,26;104,75;105,45;106,09;106,3;106,23;106,39;106,28;106,28;106,5;106,34;106,15;106,58;106,9;106,53;105,54;105,47;106,2;106,85;107,24;107,39;107,35;107,24;107,33;107,89;108,6;109,55;110,67;111,75;113,01;113,62;113,83;114,07;115,14;115,72;116,05;116,56;117,8;119,68;120,39;:
